timestamp_iso,crisis_pressure,crisis_band,escalation_forecast,forecast_band
2026-06-22T15:47:12.184Z,92,extreme,61,high
2026-06-22T15:52:05.970Z,92,extreme,61,high
2026-06-22T15:57:10.178Z,92,extreme,61,high
2026-06-22T16:02:15.463Z,92,extreme,61,high
2026-06-22T16:07:23.611Z,92,extreme,61,high
2026-06-22T16:12:13.305Z,92,extreme,61,high
2026-06-22T16:17:22.231Z,92,extreme,61,high
2026-06-22T16:22:14.170Z,92,extreme,61,high
2026-06-22T16:27:24.623Z,92,extreme,61,high
2026-06-22T16:32:05.140Z,92,extreme,61,high
2026-06-22T16:37:16.743Z,92,extreme,61,high
2026-06-22T16:42:07.371Z,92,extreme,61,high
2026-06-22T16:47:15.890Z,92,extreme,61,high
2026-06-22T16:52:20.565Z,92,extreme,61,high
2026-06-22T16:57:11.349Z,92,extreme,61,high
2026-06-22T17:02:04.099Z,92,extreme,61,high
2026-06-22T17:07:18.271Z,92,extreme,61,high
2026-06-22T17:12:14.529Z,92,extreme,61,high
2026-06-22T17:17:21.426Z,92,extreme,61,high
2026-06-22T17:22:08.659Z,92,extreme,61,high
2026-06-22T17:27:21.473Z,92,extreme,61,high
2026-06-22T17:32:20.870Z,92,extreme,61,high
2026-06-22T17:37:17.135Z,92,extreme,61,high
2026-06-22T17:42:05.072Z,92,extreme,61,high
2026-06-22T17:47:09.311Z,92,extreme,61,high
2026-06-22T17:52:15.935Z,92,extreme,61,high
2026-06-22T17:57:06.585Z,92,extreme,61,high
2026-06-22T18:02:04.716Z,92,extreme,61,high
2026-06-22T18:07:09.518Z,92,extreme,61,high
2026-06-22T18:12:07.285Z,92,extreme,61,high
2026-06-22T18:17:18.989Z,92,extreme,61,high
2026-06-22T18:22:21.316Z,92,extreme,61,high
2026-06-22T18:27:19.271Z,92,extreme,61,high
2026-06-22T18:32:18.113Z,92,extreme,61,high
2026-06-22T18:37:09.762Z,92,extreme,61,high
2026-06-22T18:42:23.539Z,92,extreme,61,high
2026-06-22T18:47:22.355Z,92,extreme,61,high
2026-06-22T18:52:23.962Z,92,extreme,61,high
2026-06-22T18:57:24.830Z,92,extreme,61,high
2026-06-22T19:02:06.834Z,92,extreme,61,high
2026-06-22T19:07:04.984Z,92,extreme,61,high
2026-06-22T19:12:19.955Z,92,extreme,61,high
2026-06-22T19:17:10.085Z,92,extreme,61,high
2026-06-22T19:22:15.134Z,92,extreme,61,high
2026-06-22T19:27:22.631Z,92,extreme,61,high
2026-06-22T19:32:23.770Z,92,extreme,61,high
2026-06-22T19:37:16.573Z,92,extreme,61,high
2026-06-22T19:42:06.824Z,92,extreme,61,high
2026-06-22T19:47:08.735Z,92,extreme,61,high
2026-06-22T19:52:06.089Z,92,extreme,61,high
2026-06-22T19:57:14.378Z,92,extreme,61,high
2026-06-22T20:02:19.094Z,92,extreme,61,high
2026-06-22T20:07:06.122Z,92,extreme,61,high
2026-06-22T20:12:09.164Z,92,extreme,61,high
2026-06-22T20:17:16.718Z,92,extreme,60,high
2026-06-22T20:22:10.522Z,92,extreme,60,high
2026-06-22T20:27:14.335Z,92,extreme,60,high
2026-06-22T20:32:13.126Z,92,extreme,60,high
2026-06-22T20:37:06.608Z,92,extreme,60,high
2026-06-22T20:42:12.787Z,92,extreme,60,high
2026-06-22T20:47:18.489Z,92,extreme,60,high
2026-06-22T20:52:20.205Z,92,extreme,60,high
2026-06-22T20:57:16.639Z,92,extreme,60,high
2026-06-22T21:02:07.512Z,92,extreme,60,high
2026-06-22T21:07:09.387Z,92,extreme,60,high
2026-06-22T21:12:11.423Z,92,extreme,60,high
2026-06-22T21:17:10.058Z,92,extreme,60,high
2026-06-22T21:22:13.007Z,92,extreme,60,high
2026-06-22T21:27:10.044Z,92,extreme,60,high
2026-06-22T21:32:04.640Z,92,extreme,60,high
2026-06-22T21:37:09.714Z,92,extreme,61,high
2026-06-22T21:42:12.428Z,92,extreme,61,high
2026-06-22T21:47:05.123Z,92,extreme,61,high
2026-06-22T21:52:07.935Z,92,extreme,61,high
2026-06-22T21:57:11.198Z,92,extreme,61,high
2026-06-22T22:02:11.455Z,92,extreme,61,high
2026-06-22T22:07:17.365Z,92,extreme,61,high
2026-06-22T22:12:18.139Z,92,extreme,61,high
2026-06-22T22:17:11.044Z,92,extreme,61,high
2026-06-22T22:22:17.766Z,92,extreme,61,high
2026-06-22T22:27:06.769Z,92,extreme,61,high
2026-06-22T22:32:14.147Z,92,extreme,61,high
2026-06-22T22:37:12.545Z,92,extreme,61,high
2026-06-22T22:42:04.615Z,92,extreme,61,high
2026-06-22T22:47:19.941Z,92,extreme,61,high
2026-06-22T22:52:24.284Z,92,extreme,61,high
2026-06-22T22:57:14.565Z,92,extreme,61,high
2026-06-22T23:02:17.601Z,92,extreme,61,high
2026-06-22T23:07:09.436Z,92,extreme,61,high
2026-06-22T23:12:18.709Z,92,extreme,61,high
2026-06-22T23:17:18.159Z,92,extreme,61,high
2026-06-22T23:22:08.225Z,92,extreme,61,high
2026-06-22T23:27:14.868Z,92,extreme,61,high
2026-06-22T23:32:22.073Z,92,extreme,61,high
2026-06-22T23:37:18.465Z,92,extreme,61,high
2026-06-22T23:42:23.064Z,92,extreme,61,high
2026-06-22T23:47:16.172Z,92,extreme,61,high
2026-06-22T23:52:16.941Z,92,extreme,61,high
2026-06-22T23:57:07.605Z,92,extreme,61,high
2026-06-23T00:02:11.554Z,92,extreme,61,high
2026-06-23T00:07:05.448Z,92,extreme,61,high
2026-06-23T00:12:11.824Z,92,extreme,61,high
2026-06-23T00:17:05.772Z,92,extreme,61,high
2026-06-23T00:22:23.510Z,92,extreme,61,high
2026-06-23T00:27:15.551Z,92,extreme,61,high
2026-06-23T00:32:11.727Z,92,extreme,61,high
2026-06-23T00:37:23.292Z,92,extreme,61,high
2026-06-23T00:42:15.802Z,92,extreme,61,high
2026-06-23T00:47:06.953Z,92,extreme,61,high
2026-06-23T00:52:18.111Z,92,extreme,61,high
2026-06-23T00:57:06.403Z,92,extreme,61,high
2026-06-23T01:02:06.233Z,92,extreme,61,high
2026-06-23T01:07:07.429Z,92,extreme,61,high
2026-06-23T01:12:22.967Z,92,extreme,61,high
2026-06-23T01:17:09.573Z,92,extreme,61,high
2026-06-23T01:22:16.003Z,92,extreme,61,high
2026-06-23T01:27:24.794Z,92,extreme,61,high
2026-06-23T01:32:14.585Z,92,extreme,61,high
2026-06-23T01:37:15.044Z,92,extreme,61,high
2026-06-23T01:42:09.020Z,92,extreme,61,high
2026-06-23T01:47:11.624Z,92,extreme,61,high
2026-06-23T01:52:24.119Z,92,extreme,61,high
2026-06-23T01:57:11.455Z,92,extreme,61,high
2026-06-23T02:02:04.634Z,92,extreme,61,high
2026-06-23T02:07:22.222Z,92,extreme,61,high
2026-06-23T02:12:20.932Z,92,extreme,61,high
2026-06-23T02:17:07.844Z,92,extreme,61,high
2026-06-23T02:22:04.893Z,92,extreme,61,high
2026-06-23T02:27:07.514Z,92,extreme,61,high
2026-06-23T02:32:10.727Z,92,extreme,61,high
2026-06-23T02:37:26.454Z,92,extreme,61,high
2026-06-23T02:42:07.033Z,92,extreme,61,high
2026-06-23T02:47:11.698Z,92,extreme,61,high
2026-06-23T02:52:17.630Z,92,extreme,61,high
2026-06-23T02:57:09.292Z,92,extreme,61,high
2026-06-23T03:02:19.137Z,92,extreme,61,high
2026-06-23T03:07:16.188Z,92,extreme,61,high
2026-06-23T03:12:06.636Z,92,extreme,61,high
2026-06-23T03:17:25.530Z,92,extreme,61,high
2026-06-23T03:22:10.934Z,92,extreme,61,high
2026-06-23T03:27:20.005Z,92,extreme,61,high
2026-06-23T03:32:22.163Z,92,extreme,61,high
2026-06-23T03:37:14.126Z,92,extreme,61,high
2026-06-23T03:42:04.454Z,92,extreme,61,high
2026-06-23T03:47:20.005Z,92,extreme,61,high
2026-06-23T03:52:05.507Z,92,extreme,61,high
2026-06-23T03:57:14.017Z,92,extreme,61,high
2026-06-23T04:02:21.434Z,92,extreme,61,high
2026-06-23T04:07:11.891Z,92,extreme,61,high
2026-06-23T04:12:10.574Z,92,extreme,61,high
2026-06-23T04:17:18.175Z,92,extreme,60,high
2026-06-23T04:22:10.986Z,92,extreme,60,high
2026-06-23T04:27:19.529Z,92,extreme,60,high
2026-06-23T04:32:20.622Z,92,extreme,60,high
2026-06-23T04:37:17.879Z,92,extreme,60,high
2026-06-23T04:42:19.557Z,92,extreme,60,high
2026-06-23T04:47:04.436Z,92,extreme,60,high
2026-06-23T04:52:04.811Z,92,extreme,60,high
2026-06-23T04:57:10.775Z,92,extreme,60,high
2026-06-23T05:02:13.220Z,92,extreme,60,high
2026-06-23T05:07:12.709Z,92,extreme,60,high
2026-06-23T05:12:11.637Z,92,extreme,60,high
2026-06-23T05:17:09.341Z,92,extreme,60,high
2026-06-23T05:22:09.642Z,92,extreme,60,high
2026-06-23T05:27:06.912Z,92,extreme,60,high
2026-06-23T05:32:12.556Z,92,extreme,60,high
2026-06-23T05:37:04.250Z,92,extreme,60,high
2026-06-23T05:42:07.734Z,92,extreme,60,high
2026-06-23T05:47:13.427Z,92,extreme,60,high
2026-06-23T05:52:08.550Z,92,extreme,60,high
2026-06-23T05:57:09.422Z,92,extreme,60,high
2026-06-23T06:02:23.735Z,92,extreme,60,high
2026-06-23T06:07:05.742Z,92,extreme,60,high
2026-06-23T06:12:15.209Z,92,extreme,60,high
2026-06-23T06:17:18.400Z,92,extreme,60,high
2026-06-23T06:22:13.629Z,92,extreme,60,high
2026-06-23T06:27:18.589Z,92,extreme,60,high
2026-06-23T06:32:06.718Z,92,extreme,60,high
2026-06-23T06:37:16.608Z,92,extreme,60,high
2026-06-23T06:42:07.188Z,92,extreme,60,high
2026-06-23T06:47:04.249Z,92,extreme,60,high
2026-06-23T06:52:03.940Z,92,extreme,60,high
2026-06-23T06:57:05.168Z,92,extreme,60,high
2026-06-23T07:02:15.787Z,92,extreme,60,high
2026-06-23T07:07:13.519Z,92,extreme,60,high
2026-06-23T07:12:05.283Z,92,extreme,60,high
2026-06-23T07:17:05.647Z,92,extreme,60,high
2026-06-23T07:22:18.781Z,92,extreme,60,high
2026-06-23T07:27:13.156Z,92,extreme,60,high
2026-06-23T07:32:04.441Z,92,extreme,60,high
2026-06-23T07:37:21.123Z,92,extreme,60,high
2026-06-23T07:42:09.366Z,92,extreme,60,high
2026-06-23T07:47:12.115Z,92,extreme,60,high
2026-06-23T07:52:04.253Z,92,extreme,60,high
2026-06-23T07:57:10.911Z,92,extreme,60,high
2026-06-23T08:02:12.767Z,92,extreme,60,high
2026-06-23T08:07:06.134Z,92,extreme,60,high
2026-06-23T08:12:15.493Z,92,extreme,60,high
2026-06-23T08:17:08.467Z,92,extreme,60,high
2026-06-23T08:22:18.135Z,92,extreme,60,high
2026-06-23T08:27:09.992Z,92,extreme,60,high
2026-06-23T08:32:04.154Z,92,extreme,60,high
2026-06-23T08:37:04.748Z,92,extreme,60,high
2026-06-23T08:42:11.423Z,92,extreme,60,high
2026-06-23T08:47:09.126Z,92,extreme,60,high
2026-06-23T08:52:16.205Z,92,extreme,60,high
2026-06-23T08:57:16.461Z,92,extreme,60,high
2026-06-23T09:02:10.424Z,92,extreme,60,high
2026-06-23T09:07:19.566Z,92,extreme,60,high
2026-06-23T09:12:09.014Z,92,extreme,60,high
2026-06-23T09:17:12.782Z,92,extreme,60,high
2026-06-23T09:22:16.495Z,92,extreme,60,high
2026-06-23T09:27:13.705Z,92,extreme,60,high
2026-06-23T09:32:23.030Z,92,extreme,60,high
2026-06-23T09:37:06.355Z,92,extreme,60,high
2026-06-23T09:42:11.404Z,92,extreme,60,high
2026-06-23T09:47:21.467Z,92,extreme,60,high
2026-06-23T09:52:17.240Z,92,extreme,60,high
2026-06-23T09:57:08.110Z,92,extreme,60,high
2026-06-23T10:02:06.652Z,92,extreme,60,high
2026-06-23T10:07:24.036Z,92,extreme,60,high
2026-06-23T10:12:07.290Z,92,extreme,60,high
2026-06-23T10:17:05.033Z,92,extreme,60,high
2026-06-23T10:22:10.129Z,92,extreme,60,high
2026-06-23T10:27:06.274Z,92,extreme,60,high
2026-06-23T10:32:21.332Z,92,extreme,60,high
2026-06-23T10:37:06.288Z,92,extreme,60,high
2026-06-23T10:42:07.963Z,92,extreme,60,high
2026-06-23T10:47:05.744Z,92,extreme,60,high
2026-06-23T10:52:12.938Z,92,extreme,60,high
2026-06-23T10:57:12.963Z,92,extreme,60,high
2026-06-23T11:02:17.533Z,92,extreme,60,high
2026-06-23T11:07:09.897Z,92,extreme,60,high
2026-06-23T11:12:18.395Z,92,extreme,60,high
2026-06-23T11:17:06.943Z,92,extreme,60,high
2026-06-23T11:22:10.584Z,92,extreme,60,high
2026-06-23T11:27:05.121Z,92,extreme,60,high
2026-06-23T11:32:15.105Z,92,extreme,60,high
2026-06-23T11:37:07.028Z,92,extreme,60,high
2026-06-23T11:42:05.129Z,92,extreme,59,elevated
2026-06-23T11:47:09.700Z,92,extreme,59,elevated
2026-06-23T11:52:16.701Z,92,extreme,59,elevated
2026-06-23T11:57:05.587Z,92,extreme,59,elevated
2026-06-23T12:02:11.217Z,92,extreme,59,elevated
2026-06-23T12:07:16.388Z,92,extreme,59,elevated
2026-06-23T12:12:11.039Z,92,extreme,59,elevated
2026-06-23T12:17:07.047Z,92,extreme,59,elevated
2026-06-23T12:22:08.616Z,92,extreme,59,elevated
2026-06-23T12:27:11.571Z,92,extreme,59,elevated
2026-06-23T12:32:18.641Z,92,extreme,59,elevated
2026-06-23T12:37:20.937Z,92,extreme,59,elevated
2026-06-23T12:42:14.371Z,92,extreme,59,elevated
2026-06-23T12:47:16.352Z,92,extreme,59,elevated
2026-06-23T12:52:05.331Z,92,extreme,59,elevated
2026-06-23T12:57:18.422Z,92,extreme,59,elevated
2026-06-23T13:02:24.396Z,92,extreme,59,elevated
2026-06-23T13:07:08.455Z,92,extreme,59,elevated
2026-06-23T13:12:04.924Z,92,extreme,59,elevated
2026-06-23T13:17:08.456Z,92,extreme,59,elevated
2026-06-23T13:22:10.936Z,92,extreme,59,elevated
2026-06-23T13:27:19.438Z,92,extreme,59,elevated
2026-06-23T13:32:07.024Z,92,extreme,59,elevated
2026-06-23T13:37:14.153Z,92,extreme,59,elevated
2026-06-23T13:42:18.637Z,92,extreme,59,elevated
2026-06-23T13:47:08.798Z,92,extreme,59,elevated
2026-06-23T13:52:04.597Z,92,extreme,59,elevated
2026-06-23T13:57:14.633Z,92,extreme,59,elevated
2026-06-23T14:02:20.992Z,92,extreme,59,elevated
2026-06-23T14:07:07.892Z,92,extreme,59,elevated
2026-06-23T14:12:20.549Z,92,extreme,59,elevated
2026-06-23T14:17:20.814Z,92,extreme,59,elevated
2026-06-23T14:22:21.531Z,92,extreme,59,elevated
2026-06-23T14:27:18.475Z,92,extreme,59,elevated
2026-06-23T14:32:14.879Z,92,extreme,59,elevated
2026-06-23T14:37:04.686Z,92,extreme,59,elevated
2026-06-23T14:42:09.444Z,92,extreme,59,elevated
2026-06-23T14:47:09.969Z,92,extreme,59,elevated
2026-06-23T14:52:15.205Z,92,extreme,59,elevated
2026-06-23T14:57:09.002Z,92,extreme,59,elevated
2026-06-23T15:02:04.314Z,92,extreme,59,elevated
2026-06-23T15:07:11.830Z,92,extreme,59,elevated
2026-06-23T15:12:05.244Z,92,extreme,59,elevated
2026-06-23T15:17:14.092Z,92,extreme,59,elevated
2026-06-23T15:22:15.522Z,92,extreme,59,elevated
2026-06-23T15:27:07.332Z,92,extreme,59,elevated
2026-06-23T15:32:12.306Z,92,extreme,59,elevated
2026-06-23T15:37:16.106Z,92,extreme,59,elevated
2026-06-23T15:42:17.719Z,92,extreme,59,elevated
2026-06-23T15:47:16.965Z,92,extreme,59,elevated
2026-06-23T15:52:11.519Z,92,extreme,59,elevated
2026-06-23T15:57:17.596Z,92,extreme,59,elevated
2026-06-23T16:02:11.413Z,92,extreme,59,elevated
2026-06-23T16:07:03.663Z,92,extreme,59,elevated
2026-06-23T16:12:07.100Z,92,extreme,59,elevated
2026-06-23T16:17:07.092Z,92,extreme,59,elevated
2026-06-23T16:22:23.970Z,92,extreme,59,elevated
2026-06-23T16:27:11.599Z,92,extreme,59,elevated
2026-06-23T16:32:18.226Z,92,extreme,59,elevated
2026-06-23T16:37:15.494Z,92,extreme,59,elevated
2026-06-23T16:42:13.072Z,92,extreme,59,elevated
2026-06-23T16:47:15.244Z,92,extreme,59,elevated
2026-06-23T16:52:05.646Z,92,extreme,59,elevated
2026-06-23T16:57:11.104Z,92,extreme,59,elevated
2026-06-23T17:02:19.214Z,91,extreme,59,elevated
2026-06-23T17:07:13.185Z,91,extreme,59,elevated
2026-06-23T17:12:17.023Z,91,extreme,59,elevated
2026-06-23T17:17:10.468Z,91,extreme,59,elevated
2026-06-23T17:22:14.680Z,91,extreme,59,elevated
2026-06-23T17:27:06.613Z,91,extreme,59,elevated
2026-06-23T17:32:07.897Z,91,extreme,59,elevated
2026-06-23T17:37:09.854Z,91,extreme,59,elevated
2026-06-23T17:42:09.693Z,91,extreme,59,elevated
2026-06-23T17:47:22.552Z,91,extreme,59,elevated
2026-06-23T17:52:21.271Z,91,extreme,59,elevated
2026-06-23T17:57:06.606Z,91,extreme,59,elevated
2026-06-23T18:02:17.336Z,91,extreme,59,elevated
2026-06-23T18:07:15.476Z,91,extreme,59,elevated
2026-06-23T18:12:21.651Z,91,extreme,59,elevated
2026-06-23T18:17:10.137Z,91,extreme,59,elevated
2026-06-23T18:22:07.020Z,91,extreme,59,elevated
2026-06-23T18:27:05.748Z,91,extreme,59,elevated
2026-06-23T18:32:24.404Z,91,extreme,59,elevated
2026-06-23T18:37:13.009Z,91,extreme,59,elevated
2026-06-23T18:42:22.445Z,91,extreme,59,elevated
2026-06-23T18:47:05.796Z,91,extreme,59,elevated
2026-06-23T18:52:08.725Z,91,extreme,59,elevated
2026-06-23T18:57:10.272Z,91,extreme,59,elevated
2026-06-23T19:02:20.570Z,91,extreme,59,elevated
2026-06-23T19:07:14.568Z,91,extreme,59,elevated
2026-06-23T19:12:17.712Z,91,extreme,59,elevated
2026-06-23T19:17:05.349Z,91,extreme,59,elevated
2026-06-23T19:22:15.267Z,91,extreme,59,elevated
2026-06-23T19:27:06.414Z,91,extreme,59,elevated
2026-06-23T19:32:17.277Z,91,extreme,59,elevated
2026-06-23T19:37:20.141Z,91,extreme,59,elevated
2026-06-23T19:42:11.010Z,91,extreme,59,elevated
2026-06-23T19:47:19.827Z,91,extreme,59,elevated
2026-06-23T19:52:14.542Z,91,extreme,59,elevated
2026-06-23T19:57:07.691Z,91,extreme,59,elevated
2026-06-23T20:02:03.923Z,91,extreme,59,elevated
2026-06-23T20:07:10.089Z,91,extreme,59,elevated
2026-06-23T20:12:09.704Z,91,extreme,59,elevated
2026-06-23T20:17:14.560Z,91,extreme,59,elevated
2026-06-23T20:22:08.607Z,91,extreme,59,elevated
2026-06-23T20:27:09.132Z,91,extreme,59,elevated
2026-06-23T20:32:16.929Z,91,extreme,59,elevated
2026-06-23T20:37:04.410Z,91,extreme,63,high
2026-06-23T20:42:05.789Z,91,extreme,63,high
2026-06-23T20:47:17.176Z,91,extreme,63,high
2026-06-23T20:52:22.595Z,91,extreme,63,high
2026-06-23T20:57:13.342Z,91,extreme,63,high
2026-06-23T21:02:07.619Z,91,extreme,63,high
2026-06-23T21:07:19.401Z,91,extreme,63,high
2026-06-23T21:12:08.445Z,91,extreme,63,high
2026-06-23T21:17:09.018Z,91,extreme,63,high
2026-06-23T21:22:17.085Z,91,extreme,63,high
2026-06-23T21:27:05.851Z,91,extreme,63,high
2026-06-23T21:32:14.809Z,91,extreme,63,high
2026-06-23T21:37:10.809Z,91,extreme,63,high
2026-06-23T21:42:14.351Z,91,extreme,63,high
2026-06-23T21:47:15.257Z,91,extreme,63,high
2026-06-23T21:52:11.927Z,91,extreme,63,high
2026-06-23T21:57:17.400Z,91,extreme,63,high
2026-06-23T22:02:12.818Z,91,extreme,63,high
2026-06-23T22:07:16.927Z,91,extreme,63,high
2026-06-23T22:12:05.061Z,91,extreme,63,high
2026-06-23T22:17:11.123Z,91,extreme,63,high
2026-06-23T22:22:16.029Z,91,extreme,63,high
2026-06-23T22:27:11.486Z,91,extreme,63,high
2026-06-23T22:32:03.984Z,91,extreme,63,high
2026-06-23T22:37:09.959Z,91,extreme,63,high
2026-06-23T22:42:14.747Z,91,extreme,63,high
2026-06-23T22:47:14.790Z,91,extreme,63,high
2026-06-23T22:52:08.898Z,91,extreme,63,high
2026-06-23T22:57:15.436Z,91,extreme,63,high
2026-06-23T23:02:11.653Z,91,extreme,63,high
2026-06-23T23:07:07.587Z,91,extreme,62,high
2026-06-23T23:12:11.685Z,91,extreme,62,high
2026-06-23T23:17:15.282Z,91,extreme,62,high
2026-06-23T23:22:17.019Z,91,extreme,62,high
2026-06-23T23:27:07.334Z,91,extreme,62,high
2026-06-23T23:32:21.283Z,91,extreme,62,high
2026-06-23T23:37:05.155Z,91,extreme,62,high
2026-06-23T23:42:07.671Z,91,extreme,62,high
2026-06-23T23:47:07.362Z,91,extreme,62,high
2026-06-23T23:52:20.992Z,91,extreme,62,high
2026-06-23T23:57:16.915Z,91,extreme,62,high
2026-06-24T00:02:22.709Z,91,extreme,62,high
2026-06-24T00:07:12.889Z,91,extreme,62,high
2026-06-24T00:12:07.193Z,91,extreme,62,high
2026-06-24T00:17:11.041Z,91,extreme,62,high
2026-06-24T00:22:12.263Z,91,extreme,62,high
2026-06-24T00:27:17.490Z,91,extreme,62,high
2026-06-24T00:32:17.082Z,91,extreme,62,high
2026-06-24T00:37:06.240Z,91,extreme,62,high
2026-06-24T00:42:10.231Z,91,extreme,62,high
2026-06-24T00:47:05.322Z,91,extreme,62,high
2026-06-24T00:52:10.439Z,91,extreme,62,high
2026-06-24T00:57:04.302Z,91,extreme,62,high
2026-06-24T01:02:07.638Z,91,extreme,62,high
2026-06-24T01:07:05.166Z,91,extreme,62,high
2026-06-24T01:12:17.266Z,91,extreme,62,high
2026-06-24T01:17:03.786Z,91,extreme,62,high
2026-06-24T01:22:15.879Z,91,extreme,62,high
2026-06-24T01:27:13.433Z,91,extreme,62,high
2026-06-24T01:32:18.540Z,91,extreme,62,high
2026-06-24T01:37:06.860Z,91,extreme,62,high
2026-06-24T01:42:16.664Z,91,extreme,62,high
2026-06-24T01:47:10.810Z,90,extreme,62,high
2026-06-24T01:52:06.340Z,90,extreme,62,high
2026-06-24T01:57:06.605Z,90,extreme,62,high
2026-06-24T02:02:10.732Z,90,extreme,62,high
2026-06-24T02:07:19.256Z,90,extreme,62,high
2026-06-24T02:12:08.084Z,90,extreme,62,high
2026-06-24T02:17:08.373Z,90,extreme,62,high
2026-06-24T02:22:07.821Z,90,extreme,62,high
2026-06-24T02:27:08.645Z,90,extreme,62,high
2026-06-24T02:32:17.448Z,90,extreme,62,high
2026-06-24T02:37:11.631Z,90,extreme,62,high
2026-06-24T02:42:08.920Z,90,extreme,62,high
2026-06-24T02:47:23.295Z,90,extreme,62,high
2026-06-24T02:52:10.525Z,90,extreme,62,high
2026-06-24T02:57:12.487Z,90,extreme,62,high
2026-06-24T03:02:17.717Z,90,extreme,62,high
2026-06-24T03:07:18.293Z,90,extreme,62,high
2026-06-24T03:12:10.782Z,90,extreme,62,high
2026-06-24T03:17:15.989Z,90,extreme,62,high
2026-06-24T03:22:04.631Z,90,extreme,62,high
2026-06-24T03:27:13.189Z,90,extreme,62,high
2026-06-24T03:32:04.155Z,90,extreme,62,high
2026-06-24T03:37:16.552Z,90,extreme,62,high
2026-06-24T03:42:15.381Z,90,extreme,62,high
2026-06-24T03:47:04.587Z,90,extreme,62,high
2026-06-24T03:52:19.502Z,90,extreme,62,high
2026-06-24T03:57:04.378Z,90,extreme,62,high
2026-06-24T04:02:06.006Z,90,extreme,62,high
2026-06-24T04:07:20.152Z,90,extreme,62,high
2026-06-24T04:12:04.619Z,90,extreme,62,high
2026-06-24T04:17:22.188Z,90,extreme,62,high
2026-06-24T04:22:21.922Z,90,extreme,62,high
2026-06-24T04:27:10.923Z,90,extreme,62,high
2026-06-24T04:32:17.947Z,90,extreme,62,high
2026-06-24T04:37:07.286Z,90,extreme,62,high
2026-06-24T04:42:11.693Z,90,extreme,62,high
2026-06-24T04:47:10.080Z,90,extreme,62,high
2026-06-24T04:52:05.071Z,90,extreme,62,high
2026-06-24T04:57:13.818Z,90,extreme,62,high
2026-06-24T05:02:07.255Z,90,extreme,62,high
2026-06-24T05:07:15.868Z,90,extreme,62,high
2026-06-24T05:12:10.323Z,90,extreme,62,high
2026-06-24T05:17:15.249Z,90,extreme,62,high
2026-06-24T05:22:07.237Z,90,extreme,62,high
2026-06-24T05:27:15.034Z,90,extreme,62,high
2026-06-24T05:32:11.104Z,90,extreme,62,high
2026-06-24T05:37:05.601Z,90,extreme,62,high
2026-06-24T05:42:04.441Z,90,extreme,62,high
2026-06-24T05:47:20.163Z,90,extreme,62,high
2026-06-24T05:52:06.827Z,90,extreme,62,high
2026-06-24T05:57:07.112Z,90,extreme,62,high
2026-06-24T06:02:13.109Z,90,extreme,62,high
2026-06-24T06:07:13.440Z,90,extreme,62,high
2026-06-24T06:12:07.663Z,90,extreme,62,high
2026-06-24T06:17:15.877Z,90,extreme,62,high
2026-06-24T06:22:12.844Z,90,extreme,62,high
2026-06-24T06:27:12.618Z,90,extreme,62,high
2026-06-24T06:32:14.578Z,90,extreme,62,high
2026-06-24T06:37:09.717Z,90,extreme,62,high
2026-06-24T06:42:10.752Z,90,extreme,62,high
2026-06-24T06:47:18.543Z,90,extreme,62,high
2026-06-24T06:52:19.000Z,90,extreme,62,high
2026-06-24T06:57:15.274Z,90,extreme,62,high
2026-06-24T07:02:04.143Z,90,extreme,62,high
2026-06-24T07:07:15.665Z,90,extreme,62,high
2026-06-24T07:12:09.768Z,90,extreme,62,high
2026-06-24T07:17:14.196Z,90,extreme,62,high
2026-06-24T07:22:08.729Z,90,extreme,61,high
2026-06-24T07:27:12.770Z,90,extreme,61,high
2026-06-24T07:32:11.231Z,90,extreme,61,high
2026-06-24T07:37:04.984Z,90,extreme,61,high
2026-06-24T07:42:11.320Z,90,extreme,61,high
2026-06-24T07:47:16.891Z,90,extreme,61,high
2026-06-24T07:52:10.791Z,90,extreme,61,high
2026-06-24T07:57:09.259Z,90,extreme,61,high
2026-06-24T08:02:22.696Z,90,extreme,61,high
2026-06-24T08:07:08.172Z,90,extreme,61,high
2026-06-24T08:12:06.107Z,90,extreme,61,high
2026-06-24T08:17:06.782Z,90,extreme,61,high
2026-06-24T08:22:13.572Z,90,extreme,61,high
2026-06-24T08:27:07.155Z,90,extreme,61,high
2026-06-24T08:32:13.552Z,90,extreme,61,high
2026-06-24T08:37:12.518Z,90,extreme,61,high
2026-06-24T08:42:09.035Z,90,extreme,61,high
2026-06-24T08:47:09.159Z,90,extreme,61,high
2026-06-24T08:52:05.452Z,90,extreme,61,high
2026-06-24T08:57:08.523Z,90,extreme,61,high
2026-06-24T09:02:10.958Z,90,extreme,61,high
2026-06-24T09:07:13.583Z,90,extreme,61,high
2026-06-24T09:12:12.864Z,90,extreme,61,high
2026-06-24T09:17:15.161Z,90,extreme,61,high
2026-06-24T09:22:13.745Z,90,extreme,61,high
2026-06-24T09:27:06.068Z,90,extreme,61,high
2026-06-24T09:32:13.129Z,90,extreme,61,high
2026-06-24T09:37:09.634Z,90,extreme,61,high
2026-06-24T09:42:07.508Z,90,extreme,61,high
2026-06-24T09:47:08.077Z,90,extreme,61,high
2026-06-24T09:52:06.956Z,90,extreme,61,high
2026-06-24T09:57:12.164Z,90,extreme,61,high
2026-06-24T10:02:06.182Z,90,extreme,61,high
2026-06-24T10:07:04.982Z,90,extreme,61,high
2026-06-24T10:12:05.012Z,90,extreme,61,high
2026-06-24T10:17:03.720Z,90,extreme,61,high
2026-06-24T10:22:13.424Z,90,extreme,61,high
2026-06-24T10:27:04.688Z,90,extreme,61,high
2026-06-24T10:32:07.445Z,90,extreme,61,high
2026-06-24T10:37:07.545Z,90,extreme,61,high
2026-06-24T10:42:07.176Z,90,extreme,61,high
2026-06-24T10:47:09.668Z,90,extreme,61,high
2026-06-24T10:52:12.122Z,90,extreme,61,high
2026-06-24T10:57:10.916Z,90,extreme,61,high
2026-06-24T11:02:15.251Z,90,extreme,61,high
2026-06-24T11:07:09.256Z,90,extreme,61,high
2026-06-24T11:12:12.407Z,90,extreme,61,high
2026-06-24T11:17:06.450Z,90,extreme,61,high
2026-06-24T11:22:08.413Z,90,extreme,61,high
2026-06-24T11:27:05.278Z,90,extreme,61,high
2026-06-24T11:32:09.511Z,90,extreme,61,high
2026-06-24T11:37:12.811Z,90,extreme,61,high
2026-06-24T11:42:12.679Z,90,extreme,61,high
2026-06-24T11:47:13.129Z,90,extreme,61,high
2026-06-24T11:52:12.811Z,90,extreme,61,high
2026-06-24T11:57:11.082Z,90,extreme,61,high
2026-06-24T12:02:07.008Z,90,extreme,61,high
2026-06-24T12:07:03.693Z,90,extreme,61,high
2026-06-24T12:12:09.433Z,90,extreme,61,high
2026-06-24T12:17:11.824Z,90,extreme,61,high
2026-06-24T12:22:11.086Z,90,extreme,61,high
2026-06-24T12:27:13.582Z,90,extreme,61,high
2026-06-24T12:32:14.252Z,90,extreme,61,high
2026-06-24T12:37:15.520Z,90,extreme,61,high
2026-06-24T12:42:08.971Z,90,extreme,61,high
2026-06-24T12:47:12.174Z,90,extreme,61,high
2026-06-24T12:52:05.259Z,90,extreme,61,high
2026-06-24T12:57:08.311Z,90,extreme,61,high
2026-06-24T13:02:18.896Z,90,extreme,61,high
2026-06-24T13:07:14.345Z,90,extreme,61,high
2026-06-24T13:12:18.701Z,90,extreme,61,high
2026-06-24T13:17:19.336Z,90,extreme,61,high
2026-06-24T13:22:09.240Z,90,extreme,61,high
2026-06-24T13:27:16.819Z,90,extreme,61,high
2026-06-24T13:32:04.411Z,90,extreme,61,high
2026-06-24T13:37:06.898Z,90,extreme,61,high
2026-06-24T13:42:09.186Z,90,extreme,61,high
2026-06-24T13:47:20.797Z,90,extreme,61,high
2026-06-24T13:52:16.428Z,90,extreme,61,high
2026-06-24T13:57:17.882Z,90,extreme,61,high
2026-06-24T14:02:08.410Z,90,extreme,61,high
2026-06-24T14:07:09.348Z,90,extreme,61,high
2026-06-24T14:12:17.972Z,90,extreme,61,high
2026-06-24T14:17:13.023Z,90,extreme,61,high
2026-06-24T14:22:09.490Z,90,extreme,61,high
2026-06-24T14:27:12.896Z,90,extreme,61,high
2026-06-24T14:32:16.326Z,90,extreme,61,high
2026-06-24T14:37:11.852Z,90,extreme,61,high
2026-06-24T14:42:14.615Z,90,extreme,61,high
2026-06-24T14:47:15.325Z,90,extreme,61,high
2026-06-24T14:52:11.479Z,90,extreme,61,high
2026-06-24T14:57:11.955Z,90,extreme,61,high
2026-06-24T15:02:06.993Z,90,extreme,61,high
2026-06-24T15:07:17.639Z,90,extreme,61,high
2026-06-24T15:12:16.896Z,90,extreme,61,high
2026-06-24T15:17:17.778Z,90,extreme,61,high
2026-06-24T15:22:15.881Z,90,extreme,61,high
2026-06-24T15:27:06.725Z,90,extreme,61,high
2026-06-24T15:32:10.053Z,90,extreme,60,high
2026-06-24T15:37:07.411Z,90,extreme,60,high
2026-06-24T15:42:07.011Z,90,extreme,60,high
2026-06-24T15:47:09.583Z,90,extreme,60,high
2026-06-24T15:52:21.039Z,90,extreme,60,high
2026-06-24T15:57:06.867Z,90,extreme,60,high
2026-06-24T16:02:04.205Z,90,extreme,60,high
2026-06-24T16:07:03.708Z,90,extreme,60,high
2026-06-24T16:12:04.089Z,90,extreme,60,high
2026-06-24T16:17:03.729Z,90,extreme,60,high
2026-06-24T16:22:03.793Z,90,extreme,60,high
2026-06-24T16:27:03.394Z,90,extreme,60,high
2026-06-24T16:32:03.371Z,90,extreme,60,high
2026-06-24T16:37:03.703Z,90,extreme,60,high
2026-06-24T16:42:03.424Z,90,extreme,60,high
2026-06-24T16:47:03.869Z,90,extreme,60,high
2026-06-24T16:52:04.105Z,90,extreme,60,high
2026-06-24T16:57:03.089Z,90,extreme,60,high
2026-06-24T17:02:04.088Z,90,extreme,60,high
2026-06-24T17:07:03.518Z,90,extreme,60,high
2026-06-24T17:12:03.716Z,90,extreme,60,high
2026-06-24T17:17:03.774Z,90,extreme,60,high
2026-06-24T17:22:03.711Z,90,extreme,60,high
2026-06-24T17:27:03.743Z,90,extreme,60,high
2026-06-24T17:32:04.128Z,90,extreme,60,high
2026-06-24T17:37:03.871Z,90,extreme,60,high
2026-06-24T17:42:03.820Z,90,extreme,60,high
2026-06-24T17:47:03.309Z,90,extreme,60,high
2026-06-24T17:52:03.127Z,90,extreme,60,high
2026-06-24T17:57:03.088Z,90,extreme,60,high
2026-06-24T18:02:52.981Z,90,extreme,60,high
2026-06-24T18:07:12.812Z,90,extreme,60,high
2026-06-24T18:12:07.428Z,90,extreme,60,high
2026-06-24T18:17:06.738Z,90,extreme,60,high
2026-06-24T18:22:08.819Z,90,extreme,60,high
2026-06-24T18:27:12.827Z,90,extreme,60,high
2026-06-24T18:32:14.018Z,90,extreme,60,high
2026-06-24T18:37:05.418Z,90,extreme,60,high
2026-06-24T18:42:15.082Z,90,extreme,60,high
2026-06-24T18:47:07.860Z,90,extreme,60,high
2026-06-24T18:52:09.750Z,90,extreme,60,high
2026-06-24T18:57:10.423Z,90,extreme,60,high
2026-06-24T19:02:14.256Z,90,extreme,60,high
2026-06-24T19:07:09.049Z,90,extreme,60,high
2026-06-24T19:12:15.210Z,90,extreme,60,high
2026-06-24T19:17:16.969Z,90,extreme,60,high
2026-06-24T19:22:05.807Z,90,extreme,60,high
2026-06-24T19:27:19.884Z,90,extreme,60,high
2026-06-24T19:32:05.686Z,90,extreme,60,high
2026-06-24T19:37:10.388Z,90,extreme,60,high
2026-06-24T19:42:04.384Z,90,extreme,60,high
2026-06-24T19:47:07.636Z,90,extreme,60,high
2026-06-24T19:52:10.416Z,90,extreme,60,high
2026-06-24T19:57:08.243Z,90,extreme,60,high
2026-06-24T20:02:14.402Z,90,extreme,60,high
2026-06-24T20:07:14.819Z,90,extreme,60,high
2026-06-24T20:12:07.861Z,90,extreme,60,high
2026-06-24T20:17:04.999Z,90,extreme,60,high
2026-06-24T20:22:06.821Z,90,extreme,70,high
2026-06-24T20:27:12.155Z,90,extreme,70,high
2026-06-24T20:32:06.390Z,90,extreme,70,high
2026-06-24T20:37:13.991Z,90,extreme,70,high
2026-06-24T20:42:15.731Z,90,extreme,70,high
2026-06-24T20:47:08.468Z,90,extreme,70,high
2026-06-24T20:52:18.106Z,90,extreme,70,high
2026-06-24T20:57:07.921Z,90,extreme,70,high
2026-06-24T21:02:10.405Z,90,extreme,70,high
2026-06-24T21:07:12.675Z,90,extreme,70,high
2026-06-24T21:12:04.474Z,90,extreme,70,high
2026-06-24T21:17:12.776Z,90,extreme,70,high
2026-06-24T21:22:16.143Z,90,extreme,70,high
2026-06-24T21:27:07.800Z,90,extreme,70,high
2026-06-24T21:32:13.157Z,90,extreme,70,high
2026-06-24T21:37:05.261Z,90,extreme,70,high
2026-06-24T21:42:07.686Z,90,extreme,70,high
2026-06-24T21:47:08.687Z,90,extreme,70,high
2026-06-24T21:52:06.012Z,90,extreme,70,high
2026-06-24T21:57:11.703Z,90,extreme,70,high
2026-06-24T22:02:12.909Z,90,extreme,70,high
2026-06-24T22:07:15.510Z,90,extreme,70,high
2026-06-24T22:12:15.376Z,90,extreme,70,high
2026-06-24T22:17:09.872Z,90,extreme,70,high
2026-06-24T22:22:15.616Z,90,extreme,70,high
2026-06-24T22:27:16.897Z,90,extreme,70,high
2026-06-24T22:32:14.687Z,90,extreme,70,high
2026-06-24T22:37:05.219Z,90,extreme,70,high
2026-06-24T22:42:12.121Z,90,extreme,70,high
2026-06-24T22:47:13.733Z,90,extreme,70,high
2026-06-24T22:52:04.758Z,90,extreme,70,high
2026-06-24T22:57:07.555Z,90,extreme,70,high
2026-06-24T23:02:15.623Z,90,extreme,70,high
2026-06-24T23:07:06.088Z,90,extreme,70,high
2026-06-24T23:12:10.733Z,90,extreme,70,high
2026-06-24T23:17:13.145Z,90,extreme,70,high
2026-06-24T23:22:03.853Z,90,extreme,69,high
2026-06-24T23:27:07.687Z,90,extreme,69,high
2026-06-24T23:32:12.387Z,90,extreme,69,high
2026-06-24T23:37:09.490Z,90,extreme,69,high
2026-06-24T23:42:07.496Z,90,extreme,69,high
2026-06-24T23:47:11.840Z,90,extreme,69,high
2026-06-24T23:52:12.796Z,90,extreme,69,high
2026-06-24T23:57:12.509Z,90,extreme,69,high
2026-06-25T00:02:11.229Z,90,extreme,69,high
2026-06-25T00:07:09.040Z,90,extreme,69,high
2026-06-25T00:12:08.015Z,90,extreme,69,high
2026-06-25T00:17:07.675Z,90,extreme,69,high
2026-06-25T00:22:04.420Z,90,extreme,69,high
2026-06-25T00:27:12.483Z,90,extreme,69,high
2026-06-25T00:32:06.129Z,90,extreme,69,high
2026-06-25T00:37:09.824Z,90,extreme,69,high
2026-06-25T00:42:05.790Z,90,extreme,69,high
2026-06-25T00:47:16.192Z,90,extreme,69,high
2026-06-25T00:52:06.500Z,90,extreme,69,high
2026-06-25T00:57:04.899Z,90,extreme,69,high
2026-06-25T01:02:17.607Z,90,extreme,69,high
2026-06-25T01:07:09.749Z,90,extreme,69,high
2026-06-25T01:12:05.674Z,90,extreme,69,high
2026-06-25T01:17:06.904Z,90,extreme,69,high
2026-06-25T01:22:05.166Z,90,extreme,69,high
2026-06-25T01:27:11.682Z,90,extreme,69,high
2026-06-25T01:32:11.152Z,90,extreme,69,high
2026-06-25T01:37:07.641Z,90,extreme,69,high
2026-06-25T01:42:04.205Z,90,extreme,69,high
2026-06-25T01:47:12.127Z,90,extreme,69,high
2026-06-25T01:52:07.308Z,90,extreme,69,high
2026-06-25T01:57:05.608Z,90,extreme,69,high
2026-06-25T02:02:11.593Z,90,extreme,69,high
2026-06-25T02:07:04.719Z,90,extreme,69,high
2026-06-25T02:12:13.723Z,90,extreme,69,high
2026-06-25T02:17:04.078Z,90,extreme,69,high
2026-06-25T02:22:13.873Z,90,extreme,69,high
2026-06-25T02:27:11.763Z,90,extreme,69,high
2026-06-25T02:32:13.916Z,90,extreme,69,high
2026-06-25T02:37:13.157Z,90,extreme,69,high
2026-06-25T02:42:13.375Z,90,extreme,69,high
2026-06-25T02:47:05.584Z,90,extreme,69,high
2026-06-25T02:52:08.767Z,90,extreme,69,high
2026-06-25T02:57:09.990Z,90,extreme,69,high
2026-06-25T03:02:07.929Z,90,extreme,69,high
2026-06-25T03:07:04.747Z,90,extreme,69,high
2026-06-25T03:12:10.291Z,90,extreme,69,high
2026-06-25T03:17:04.580Z,90,extreme,69,high
2026-06-25T03:22:14.049Z,90,extreme,69,high
2026-06-25T03:27:06.070Z,90,extreme,68,high
2026-06-25T03:32:07.574Z,90,extreme,68,high
2026-06-25T03:37:07.265Z,90,extreme,68,high
2026-06-25T03:42:12.224Z,90,extreme,68,high
2026-06-25T03:47:06.228Z,90,extreme,68,high
2026-06-25T03:52:12.969Z,90,extreme,68,high
2026-06-25T03:57:05.143Z,90,extreme,68,high
2026-06-25T04:02:13.168Z,90,extreme,68,high
2026-06-25T04:07:06.306Z,90,extreme,68,high
2026-06-25T04:12:12.442Z,90,extreme,68,high
2026-06-25T04:17:05.317Z,90,extreme,68,high
2026-06-25T04:22:12.825Z,90,extreme,68,high
2026-06-25T04:27:12.690Z,90,extreme,68,high
2026-06-25T04:32:13.168Z,90,extreme,68,high
2026-06-25T04:37:06.882Z,90,extreme,68,high
2026-06-25T04:42:03.712Z,90,extreme,68,high
2026-06-25T04:47:04.546Z,90,extreme,68,high
2026-06-25T04:52:08.676Z,90,extreme,68,high
2026-06-25T04:57:12.898Z,90,extreme,68,high
2026-06-25T05:02:15.510Z,90,extreme,68,high
2026-06-25T05:07:10.286Z,90,extreme,68,high
2026-06-25T05:12:05.546Z,90,extreme,68,high
2026-06-25T05:17:11.330Z,90,extreme,68,high
2026-06-25T05:22:09.483Z,90,extreme,68,high
2026-06-25T05:27:15.289Z,90,extreme,68,high
2026-06-25T05:32:05.996Z,90,extreme,68,high
2026-06-25T05:37:09.627Z,90,extreme,68,high
2026-06-25T05:42:10.320Z,90,extreme,68,high
2026-06-25T05:47:15.928Z,90,extreme,68,high
2026-06-25T05:52:13.718Z,90,extreme,68,high
2026-06-25T05:57:10.227Z,90,extreme,68,high
2026-06-25T06:02:19.136Z,90,extreme,68,high
2026-06-25T06:07:06.878Z,90,extreme,68,high
2026-06-25T06:12:04.208Z,90,extreme,68,high
2026-06-25T06:17:09.198Z,90,extreme,68,high
2026-06-25T06:22:08.363Z,90,extreme,68,high
2026-06-25T06:27:11.283Z,90,extreme,68,high
2026-06-25T06:32:10.198Z,90,extreme,68,high
2026-06-25T06:37:07.972Z,90,extreme,68,high
2026-06-25T06:42:08.299Z,90,extreme,68,high
2026-06-25T06:47:13.902Z,90,extreme,68,high
2026-06-25T06:52:10.618Z,90,extreme,68,high
2026-06-25T06:57:11.356Z,90,extreme,68,high
2026-06-25T07:02:07.374Z,90,extreme,68,high
2026-06-25T07:07:04.704Z,90,extreme,68,high
2026-06-25T07:12:15.608Z,90,extreme,68,high
2026-06-25T07:17:11.785Z,90,extreme,68,high
2026-06-25T07:22:06.035Z,90,extreme,68,high
2026-06-25T07:27:12.329Z,90,extreme,68,high
2026-06-25T07:32:16.049Z,90,extreme,68,high
2026-06-25T07:37:08.907Z,90,extreme,67,high
2026-06-25T07:42:16.771Z,90,extreme,67,high
2026-06-25T07:47:04.269Z,90,extreme,67,high
2026-06-25T07:52:17.220Z,90,extreme,67,high
2026-06-25T07:57:04.728Z,90,extreme,67,high
2026-06-25T08:02:12.003Z,90,extreme,67,high
2026-06-25T08:07:08.451Z,90,extreme,67,high
2026-06-25T08:12:08.800Z,90,extreme,67,high
2026-06-25T08:17:04.704Z,90,extreme,67,high
2026-06-25T08:22:04.695Z,90,extreme,67,high
2026-06-25T08:27:10.383Z,90,extreme,67,high
2026-06-25T08:32:12.697Z,90,extreme,67,high
2026-06-25T08:37:14.390Z,90,extreme,67,high
2026-06-25T08:42:09.216Z,90,extreme,67,high
2026-06-25T08:47:06.663Z,90,extreme,67,high
2026-06-25T08:52:09.348Z,90,extreme,67,high
2026-06-25T08:57:05.616Z,90,extreme,67,high
2026-06-25T09:02:06.926Z,90,extreme,67,high
2026-06-25T09:07:04.496Z,90,extreme,67,high
2026-06-25T09:12:08.639Z,90,extreme,67,high
2026-06-25T09:17:10.423Z,90,extreme,67,high
2026-06-25T09:22:12.602Z,90,extreme,67,high
2026-06-25T09:27:05.052Z,90,extreme,67,high
2026-06-25T09:32:05.265Z,90,extreme,67,high
2026-06-25T09:37:07.210Z,90,extreme,67,high
2026-06-25T09:42:10.711Z,90,extreme,67,high
2026-06-25T09:47:16.118Z,90,extreme,67,high
2026-06-25T09:52:13.577Z,90,extreme,67,high
2026-06-25T09:57:12.727Z,90,extreme,67,high
2026-06-25T10:02:11.581Z,90,extreme,67,high
2026-06-25T10:07:13.365Z,90,extreme,67,high
2026-06-25T10:12:13.089Z,90,extreme,67,high
2026-06-25T10:17:07.824Z,90,extreme,67,high
2026-06-25T10:22:08.747Z,90,extreme,67,high
2026-06-25T10:27:05.834Z,90,extreme,67,high
2026-06-25T10:32:09.938Z,90,extreme,67,high
2026-06-25T10:37:07.272Z,90,extreme,67,high
2026-06-25T10:42:13.404Z,90,extreme,67,high
2026-06-25T10:47:16.368Z,90,extreme,67,high
2026-06-25T10:52:09.792Z,90,extreme,67,high
2026-06-25T10:57:08.004Z,90,extreme,67,high
2026-06-25T11:02:16.177Z,90,extreme,67,high
2026-06-25T11:07:11.412Z,90,extreme,67,high
2026-06-25T11:12:04.067Z,90,extreme,67,high
2026-06-25T11:17:07.845Z,90,extreme,67,high
2026-06-25T11:22:10.824Z,90,extreme,67,high
2026-06-25T11:27:04.155Z,90,extreme,67,high
2026-06-25T11:32:14.214Z,90,extreme,67,high
2026-06-25T11:37:08.614Z,90,extreme,67,high
2026-06-25T11:42:13.629Z,90,extreme,67,high
2026-06-25T11:47:07.342Z,90,extreme,66,high
2026-06-25T11:52:03.870Z,90,extreme,66,high
2026-06-25T11:57:08.553Z,90,extreme,66,high
2026-06-25T12:02:05.277Z,90,extreme,66,high
2026-06-25T12:07:07.374Z,90,extreme,66,high
2026-06-25T12:12:06.324Z,90,extreme,66,high
2026-06-25T12:17:07.055Z,90,extreme,66,high
2026-06-25T12:22:14.148Z,90,extreme,66,high
2026-06-25T12:27:13.096Z,90,extreme,66,high
2026-06-25T12:32:17.538Z,90,extreme,66,high
2026-06-25T12:37:09.619Z,90,extreme,66,high
2026-06-25T12:42:05.478Z,90,extreme,66,high
2026-06-25T12:47:16.990Z,90,extreme,66,high
2026-06-25T12:52:15.100Z,90,extreme,66,high
2026-06-25T12:57:21.566Z,90,extreme,66,high
2026-06-25T13:02:16.520Z,90,extreme,66,high
2026-06-25T13:07:04.207Z,90,extreme,66,high
2026-06-25T13:12:19.728Z,90,extreme,66,high
2026-06-25T13:17:19.418Z,90,extreme,66,high
2026-06-25T13:22:20.885Z,90,extreme,66,high
2026-06-25T13:27:10.757Z,90,extreme,66,high
2026-06-25T13:32:03.699Z,90,extreme,66,high
2026-06-25T13:37:10.568Z,90,extreme,66,high
2026-06-25T13:42:08.145Z,90,extreme,66,high
2026-06-25T13:47:15.291Z,90,extreme,66,high
2026-06-25T13:52:12.162Z,90,extreme,66,high
2026-06-25T13:57:19.319Z,90,extreme,66,high
2026-06-25T14:02:10.034Z,90,extreme,66,high
2026-06-25T14:07:05.508Z,90,extreme,66,high
2026-06-25T14:12:10.601Z,90,extreme,66,high
2026-06-25T14:17:22.594Z,90,extreme,66,high
2026-06-25T14:22:05.731Z,90,extreme,66,high
2026-06-25T14:27:08.900Z,90,extreme,66,high
2026-06-25T14:32:06.622Z,90,extreme,66,high
2026-06-25T14:37:05.383Z,90,extreme,66,high
2026-06-25T14:42:11.594Z,90,extreme,66,high
2026-06-25T14:47:07.923Z,90,extreme,66,high
2026-06-25T14:52:05.041Z,90,extreme,66,high
2026-06-25T14:57:21.609Z,90,extreme,66,high
2026-06-25T15:02:09.240Z,90,extreme,65,high
2026-06-25T15:07:20.775Z,90,extreme,65,high
2026-06-25T15:12:18.150Z,90,extreme,65,high
2026-06-25T15:17:20.628Z,90,extreme,65,high
2026-06-25T15:22:23.000Z,90,extreme,65,high
2026-06-25T15:27:14.564Z,90,extreme,65,high
2026-06-25T15:32:08.483Z,90,extreme,65,high
2026-06-25T15:37:07.997Z,90,extreme,65,high
2026-06-25T15:42:11.272Z,90,extreme,65,high
2026-06-25T15:47:18.717Z,90,extreme,65,high
2026-06-25T15:52:21.925Z,90,extreme,65,high
2026-06-25T15:57:21.244Z,90,extreme,65,high
2026-06-25T16:02:25.346Z,90,extreme,65,high
2026-06-25T16:07:22.313Z,90,extreme,65,high
2026-06-25T16:12:08.205Z,90,extreme,65,high
2026-06-25T16:17:16.493Z,90,extreme,65,high
2026-06-25T16:22:07.676Z,90,extreme,65,high
2026-06-25T16:27:05.749Z,90,extreme,65,high
2026-06-25T16:32:22.606Z,90,extreme,65,high
2026-06-25T16:37:21.792Z,90,extreme,65,high
2026-06-25T16:42:15.079Z,90,extreme,65,high
2026-06-25T16:47:17.239Z,90,extreme,65,high
2026-06-25T16:52:21.686Z,90,extreme,65,high
2026-06-25T16:57:21.491Z,90,extreme,65,high
2026-06-25T17:02:12.725Z,90,extreme,65,high
2026-06-25T17:07:14.682Z,90,extreme,65,high
2026-06-25T17:12:23.702Z,90,extreme,65,high
2026-06-25T17:17:14.126Z,90,extreme,65,high
2026-06-25T17:22:21.388Z,90,extreme,65,high
2026-06-25T17:27:16.455Z,90,extreme,65,high
2026-06-25T17:32:16.085Z,90,extreme,65,high
2026-06-25T17:37:21.629Z,90,extreme,65,high
2026-06-25T17:42:04.866Z,90,extreme,65,high
2026-06-25T17:47:18.603Z,90,extreme,65,high
2026-06-25T17:52:22.927Z,90,extreme,65,high
2026-06-25T17:57:08.012Z,90,extreme,65,high
2026-06-25T18:02:25.013Z,90,extreme,65,high
2026-06-25T18:07:12.415Z,90,extreme,65,high
2026-06-25T18:12:04.413Z,90,extreme,65,high
2026-06-25T18:17:10.775Z,90,extreme,65,high
2026-06-25T18:22:16.782Z,90,extreme,65,high
2026-06-25T18:27:04.372Z,90,extreme,65,high
2026-06-25T18:32:25.670Z,90,extreme,65,high
2026-06-25T18:37:21.790Z,90,extreme,65,high
2026-06-25T18:42:20.875Z,90,extreme,65,high
2026-06-25T18:47:08.691Z,90,extreme,65,high
2026-06-25T18:52:18.683Z,90,extreme,65,high
2026-06-25T18:57:05.032Z,90,extreme,65,high
2026-06-25T19:02:18.420Z,90,extreme,65,high
2026-06-25T19:07:15.395Z,90,extreme,65,high
2026-06-25T19:12:19.661Z,90,extreme,65,high
2026-06-25T19:17:10.742Z,90,extreme,65,high
2026-06-25T19:22:17.798Z,90,extreme,64,high
2026-06-25T19:27:15.707Z,90,extreme,64,high
2026-06-25T19:32:05.530Z,90,extreme,64,high
2026-06-25T19:37:14.965Z,90,extreme,64,high
2026-06-25T19:42:16.872Z,90,extreme,64,high
2026-06-25T19:47:06.809Z,90,extreme,64,high
2026-06-25T19:52:07.886Z,90,extreme,64,high
2026-06-25T19:57:16.292Z,90,extreme,64,high
2026-06-25T20:02:17.725Z,90,extreme,64,high
2026-06-25T20:07:12.460Z,90,extreme,64,high
2026-06-25T20:12:11.112Z,90,extreme,64,high
2026-06-25T20:17:22.588Z,90,extreme,64,high
2026-06-25T20:22:17.024Z,90,extreme,64,high
2026-06-25T20:27:22.439Z,90,extreme,64,high
2026-06-25T20:32:12.547Z,90,extreme,64,high
2026-06-25T20:37:05.622Z,90,extreme,64,high
2026-06-25T20:42:23.637Z,90,extreme,64,high
2026-06-25T20:47:07.847Z,90,extreme,64,high
2026-06-25T20:52:06.794Z,90,extreme,64,high
2026-06-25T20:57:08.524Z,90,extreme,64,high
2026-06-25T21:02:04.640Z,90,extreme,64,high
2026-06-25T21:07:20.731Z,90,extreme,64,high
2026-06-25T21:12:19.958Z,90,extreme,64,high
2026-06-25T21:17:03.855Z,90,extreme,64,high
2026-06-25T21:22:06.766Z,90,extreme,64,high
2026-06-25T21:27:21.103Z,90,extreme,64,high
2026-06-25T21:32:21.606Z,90,extreme,64,high
2026-06-25T21:37:14.220Z,90,extreme,64,high
2026-06-25T21:42:06.501Z,90,extreme,64,high
2026-06-25T21:47:22.910Z,90,extreme,64,high
2026-06-25T21:52:13.492Z,90,extreme,64,high
2026-06-25T21:57:18.190Z,90,extreme,64,high
2026-06-25T22:02:18.958Z,90,extreme,64,high
2026-06-25T22:07:06.562Z,90,extreme,64,high
2026-06-25T22:12:09.903Z,90,extreme,64,high
2026-06-25T22:17:17.597Z,90,extreme,64,high
2026-06-25T22:22:03.749Z,90,extreme,64,high
2026-06-25T22:27:19.751Z,90,extreme,64,high
2026-06-25T22:32:13.750Z,90,extreme,64,high
2026-06-25T22:37:12.392Z,90,extreme,64,high
2026-06-25T22:42:09.353Z,90,extreme,64,high
2026-06-25T22:47:08.074Z,90,extreme,64,high
2026-06-25T22:52:13.900Z,90,extreme,64,high
2026-06-25T22:57:16.344Z,90,extreme,64,high
2026-06-25T23:02:04.191Z,90,extreme,64,high
2026-06-25T23:07:07.666Z,90,extreme,64,high
2026-06-25T23:12:04.823Z,90,extreme,64,high
2026-06-25T23:17:13.799Z,90,extreme,64,high
2026-06-25T23:22:04.650Z,90,extreme,64,high
2026-06-25T23:27:12.079Z,90,extreme,64,high
2026-06-25T23:32:04.328Z,90,extreme,64,high
2026-06-25T23:37:15.523Z,90,extreme,64,high
2026-06-25T23:42:05.805Z,90,extreme,64,high
2026-06-25T23:47:09.785Z,90,extreme,64,high
2026-06-25T23:52:04.914Z,90,extreme,64,high
2026-06-25T23:57:06.298Z,90,extreme,64,high
2026-06-26T00:02:04.111Z,90,extreme,64,high
2026-06-26T00:07:11.172Z,90,extreme,64,high
2026-06-26T00:12:14.690Z,90,extreme,64,high
2026-06-26T00:17:05.622Z,90,extreme,64,high
2026-06-26T00:22:18.526Z,90,extreme,64,high
2026-06-26T00:27:21.390Z,90,extreme,64,high
2026-06-26T00:32:18.850Z,90,extreme,64,high
2026-06-26T00:37:16.098Z,90,extreme,64,high
2026-06-26T00:42:14.320Z,90,extreme,64,high
2026-06-26T00:47:14.628Z,90,extreme,64,high
2026-06-26T00:52:07.135Z,90,extreme,64,high
2026-06-26T00:57:11.375Z,90,extreme,64,high
2026-06-26T01:02:14.073Z,90,extreme,64,high
2026-06-26T01:07:09.732Z,90,extreme,64,high
2026-06-26T01:12:05.763Z,90,extreme,64,high
2026-06-26T01:17:19.140Z,90,extreme,64,high
2026-06-26T01:22:09.218Z,90,extreme,64,high
2026-06-26T01:27:04.549Z,90,extreme,64,high
2026-06-26T01:32:15.112Z,90,extreme,64,high
2026-06-26T01:37:06.498Z,90,extreme,64,high
2026-06-26T01:42:17.270Z,90,extreme,64,high
2026-06-26T01:47:13.277Z,90,extreme,64,high
2026-06-26T01:52:18.490Z,90,extreme,64,high
2026-06-26T01:57:10.869Z,90,extreme,64,high
2026-06-26T02:02:13.483Z,90,extreme,64,high
2026-06-26T02:07:16.065Z,90,extreme,64,high
2026-06-26T02:12:05.859Z,90,extreme,64,high
2026-06-26T02:17:07.208Z,90,extreme,64,high
2026-06-26T02:22:04.384Z,90,extreme,74,high
2026-06-26T02:27:09.822Z,90,extreme,74,high
2026-06-26T02:32:12.657Z,90,extreme,74,high
2026-06-26T02:37:17.811Z,90,extreme,74,high
2026-06-26T02:42:15.865Z,90,extreme,74,high
2026-06-26T02:47:20.007Z,90,extreme,74,high
2026-06-26T02:52:03.872Z,90,extreme,74,high
2026-06-26T02:57:04.893Z,90,extreme,74,high
2026-06-26T03:02:11.997Z,90,extreme,74,high
2026-06-26T03:07:09.540Z,90,extreme,74,high
2026-06-26T03:12:19.147Z,90,extreme,74,high
2026-06-26T03:17:14.246Z,90,extreme,74,high
2026-06-26T03:22:10.623Z,90,extreme,74,high
2026-06-26T03:27:16.378Z,90,extreme,74,high
2026-06-26T03:32:10.052Z,90,extreme,74,high
2026-06-26T03:37:18.008Z,90,extreme,74,high
2026-06-26T03:42:10.321Z,90,extreme,74,high
2026-06-26T03:47:13.439Z,90,extreme,74,high
2026-06-26T03:52:07.417Z,90,extreme,74,high
2026-06-26T03:57:14.978Z,90,extreme,73,high
2026-06-26T04:02:18.025Z,90,extreme,73,high
2026-06-26T04:07:25.503Z,90,extreme,73,high
2026-06-26T04:12:19.013Z,90,extreme,73,high
2026-06-26T04:17:07.632Z,90,extreme,73,high
2026-06-26T04:22:08.356Z,90,extreme,73,high
2026-06-26T04:27:11.886Z,90,extreme,73,high
2026-06-26T04:32:06.719Z,90,extreme,73,high
2026-06-26T04:37:06.749Z,90,extreme,73,high
2026-06-26T04:42:12.721Z,90,extreme,73,high
2026-06-26T04:47:20.291Z,90,extreme,73,high
2026-06-26T04:52:06.009Z,90,extreme,73,high
2026-06-26T04:57:03.826Z,90,extreme,73,high
2026-06-26T05:02:10.088Z,90,extreme,73,high
2026-06-26T05:07:15.753Z,90,extreme,73,high
2026-06-26T05:12:04.644Z,90,extreme,73,high
2026-06-26T05:17:13.627Z,90,extreme,73,high
2026-06-26T05:22:18.470Z,90,extreme,73,high
2026-06-26T05:27:06.927Z,90,extreme,73,high
2026-06-26T05:32:16.836Z,90,extreme,73,high
2026-06-26T05:37:06.203Z,90,extreme,73,high
2026-06-26T05:42:11.288Z,90,extreme,73,high
2026-06-26T05:47:06.607Z,90,extreme,73,high
2026-06-26T05:52:17.628Z,90,extreme,73,high
2026-06-26T05:57:07.947Z,90,extreme,73,high
2026-06-26T06:02:16.797Z,90,extreme,73,high
2026-06-26T06:07:09.818Z,90,extreme,73,high
2026-06-26T06:12:14.725Z,90,extreme,73,high
2026-06-26T06:17:11.561Z,90,extreme,73,high
2026-06-26T06:22:21.987Z,90,extreme,73,high
2026-06-26T06:27:06.633Z,90,extreme,73,high
2026-06-26T06:32:12.762Z,90,extreme,73,high
2026-06-26T06:37:06.238Z,90,extreme,73,high
2026-06-26T06:42:08.976Z,90,extreme,73,high
2026-06-26T06:47:15.035Z,90,extreme,73,high
2026-06-26T06:52:09.860Z,90,extreme,73,high
2026-06-26T06:57:09.107Z,90,extreme,72,high
2026-06-26T07:02:09.399Z,90,extreme,72,high
2026-06-26T07:07:21.012Z,90,extreme,72,high
2026-06-26T07:12:09.613Z,90,extreme,72,high
2026-06-26T07:17:19.250Z,90,extreme,72,high
2026-06-26T07:22:08.854Z,90,extreme,72,high
2026-06-26T07:27:04.993Z,90,extreme,72,high
2026-06-26T07:32:14.753Z,90,extreme,72,high
2026-06-26T07:37:22.921Z,90,extreme,72,high
2026-06-26T07:42:04.846Z,90,extreme,72,high
2026-06-26T07:47:12.408Z,90,extreme,72,high
2026-06-26T07:52:13.700Z,90,extreme,72,high
2026-06-26T07:57:04.711Z,90,extreme,72,high
2026-06-26T08:02:13.195Z,90,extreme,72,high
2026-06-26T08:07:07.083Z,90,extreme,72,high
2026-06-26T08:12:19.024Z,90,extreme,72,high
2026-06-26T08:17:09.018Z,90,extreme,72,high
2026-06-26T08:22:04.797Z,90,extreme,72,high
2026-06-26T08:27:12.183Z,90,extreme,72,high
2026-06-26T08:32:14.556Z,90,extreme,72,high
2026-06-26T08:37:17.929Z,90,extreme,72,high
2026-06-26T08:42:14.880Z,90,extreme,72,high
2026-06-26T08:47:07.487Z,90,extreme,72,high
2026-06-26T08:52:16.325Z,90,extreme,72,high
2026-06-26T08:57:11.835Z,90,extreme,72,high
2026-06-26T09:02:20.535Z,90,extreme,71,high
2026-06-26T09:07:18.780Z,90,extreme,71,high
2026-06-26T09:12:18.264Z,90,extreme,71,high
2026-06-26T09:17:08.410Z,90,extreme,71,high
2026-06-26T09:22:13.795Z,90,extreme,71,high
2026-06-26T09:27:06.432Z,90,extreme,71,high
2026-06-26T09:32:14.251Z,90,extreme,71,high
2026-06-26T09:37:10.873Z,90,extreme,71,high
2026-06-26T09:42:13.914Z,90,extreme,71,high
2026-06-26T09:47:05.537Z,90,extreme,71,high
2026-06-26T09:52:06.967Z,90,extreme,71,high
2026-06-26T09:57:16.320Z,90,extreme,71,high
2026-06-26T10:02:11.762Z,90,extreme,71,high
2026-06-26T10:07:17.786Z,90,extreme,71,high
2026-06-26T10:12:15.669Z,90,extreme,71,high
2026-06-26T10:17:10.963Z,90,extreme,71,high
2026-06-26T10:22:04.586Z,90,extreme,71,high
2026-06-26T10:27:04.448Z,90,extreme,71,high
2026-06-26T10:32:18.147Z,90,extreme,71,high
2026-06-26T10:37:05.677Z,90,extreme,71,high
2026-06-26T10:42:09.890Z,90,extreme,71,high
2026-06-26T10:47:19.550Z,90,extreme,71,high
2026-06-26T10:52:16.436Z,90,extreme,71,high
2026-06-26T10:57:07.348Z,90,extreme,71,high
2026-06-26T11:02:07.982Z,90,extreme,71,high
2026-06-26T11:07:06.610Z,90,extreme,71,high
2026-06-26T11:12:07.865Z,90,extreme,71,high
2026-06-26T11:17:21.964Z,90,extreme,71,high
2026-06-26T11:22:06.281Z,90,extreme,70,high
2026-06-26T11:27:12.391Z,90,extreme,70,high
2026-06-26T11:32:19.195Z,90,extreme,70,high
2026-06-26T11:37:10.140Z,90,extreme,70,high
2026-06-26T11:42:11.012Z,90,extreme,70,high
2026-06-26T11:47:08.843Z,90,extreme,70,high
2026-06-26T11:52:07.911Z,90,extreme,70,high
2026-06-26T11:57:07.084Z,90,extreme,70,high
2026-06-26T12:02:09.767Z,90,extreme,70,high
2026-06-26T12:07:16.887Z,90,extreme,70,high
2026-06-26T12:12:10.519Z,90,extreme,70,high
2026-06-26T12:17:04.296Z,90,extreme,70,high
2026-06-26T12:22:18.109Z,90,extreme,70,high
2026-06-26T12:27:13.364Z,90,extreme,70,high
2026-06-26T12:32:04.331Z,90,extreme,70,high
2026-06-26T12:37:12.820Z,90,extreme,70,high
2026-06-26T12:42:17.066Z,90,extreme,70,high
2026-06-26T12:47:10.558Z,90,extreme,70,high
2026-06-26T12:52:09.893Z,90,extreme,70,high
2026-06-26T12:57:17.602Z,90,extreme,70,high
2026-06-26T13:02:23.183Z,90,extreme,70,high
2026-06-26T13:07:11.905Z,90,extreme,70,high
2026-06-26T13:12:03.621Z,90,extreme,70,high
2026-06-26T13:17:14.716Z,90,extreme,70,high
2026-06-26T13:22:04.888Z,90,extreme,70,high
2026-06-26T13:27:22.865Z,90,extreme,70,high
2026-06-26T13:32:18.639Z,90,extreme,70,high
2026-06-26T13:37:11.218Z,90,extreme,70,high
2026-06-26T13:42:07.684Z,90,extreme,70,high
2026-06-26T13:47:13.953Z,90,extreme,70,high
2026-06-26T13:52:17.731Z,90,extreme,70,high
2026-06-26T13:57:20.113Z,90,extreme,70,high
2026-06-26T14:02:20.889Z,90,extreme,70,high
2026-06-26T14:07:23.492Z,90,extreme,69,high
2026-06-26T14:12:13.455Z,90,extreme,69,high
2026-06-26T14:17:17.193Z,90,extreme,69,high
2026-06-26T14:22:20.512Z,90,extreme,69,high
2026-06-26T14:27:17.461Z,90,extreme,69,high
2026-06-26T14:32:06.318Z,90,extreme,69,high
2026-06-26T14:37:09.286Z,90,extreme,69,high
2026-06-26T14:42:19.588Z,90,extreme,69,high
2026-06-26T14:47:19.816Z,90,extreme,69,high
2026-06-26T14:52:23.312Z,90,extreme,69,high
2026-06-26T14:57:10.859Z,90,extreme,69,high
2026-06-26T15:02:04.578Z,90,extreme,69,high
2026-06-26T15:07:15.162Z,90,extreme,69,high
2026-06-26T15:12:19.800Z,90,extreme,69,high
2026-06-26T15:17:12.901Z,90,extreme,69,high
2026-06-26T15:22:07.748Z,90,extreme,69,high
2026-06-26T15:27:16.542Z,90,extreme,69,high
2026-06-26T15:32:08.459Z,90,extreme,69,high
2026-06-26T15:37:20.008Z,90,extreme,69,high
2026-06-26T15:42:11.563Z,90,extreme,69,high
2026-06-26T15:47:13.653Z,90,extreme,69,high
2026-06-26T15:52:11.293Z,90,extreme,69,high
2026-06-26T15:57:09.602Z,90,extreme,69,high
2026-06-26T16:02:09.167Z,90,extreme,69,high
2026-06-26T16:07:24.538Z,90,extreme,69,high
2026-06-26T16:12:25.942Z,90,extreme,69,high
2026-06-26T16:17:03.791Z,90,extreme,69,high
2026-06-26T16:22:23.939Z,90,extreme,69,high
2026-06-26T16:27:08.419Z,90,extreme,69,high
2026-06-26T16:32:05.301Z,90,extreme,69,high
2026-06-26T16:37:19.043Z,90,extreme,69,high
2026-06-26T16:42:12.784Z,90,extreme,69,high
2026-06-26T16:47:13.787Z,90,extreme,69,high
2026-06-26T16:52:10.716Z,90,extreme,69,high
2026-06-26T16:57:23.492Z,90,extreme,69,high
2026-06-26T17:02:08.592Z,90,extreme,69,high
2026-06-26T17:07:20.140Z,90,extreme,69,high
2026-06-26T17:12:14.032Z,90,extreme,69,high
2026-06-26T17:17:04.808Z,90,extreme,69,high
2026-06-26T17:22:09.075Z,90,extreme,69,high
2026-06-26T17:27:08.875Z,90,extreme,69,high
2026-06-26T17:32:15.663Z,90,extreme,69,high
2026-06-26T17:37:07.785Z,90,extreme,69,high
2026-06-26T17:42:04.582Z,90,extreme,69,high
2026-06-26T17:47:20.789Z,90,extreme,69,high
2026-06-26T17:52:05.739Z,90,extreme,69,high
2026-06-26T17:57:06.646Z,90,extreme,69,high
2026-06-26T18:02:07.835Z,90,extreme,69,high
2026-06-26T18:07:16.199Z,90,extreme,68,high
2026-06-26T18:12:13.896Z,90,extreme,68,high
2026-06-26T18:17:11.728Z,90,extreme,68,high
2026-06-26T18:22:14.047Z,90,extreme,68,high
2026-06-26T18:27:22.639Z,90,extreme,68,high
2026-06-26T18:32:08.235Z,90,extreme,68,high
2026-06-26T18:37:18.531Z,90,extreme,68,high
2026-06-26T18:42:25.035Z,90,extreme,68,high
2026-06-26T18:47:13.495Z,90,extreme,68,high
2026-06-26T18:52:10.670Z,90,extreme,68,high
2026-06-26T18:57:21.602Z,90,extreme,68,high
2026-06-26T19:02:17.039Z,90,extreme,68,high
2026-06-26T19:07:16.260Z,90,extreme,68,high
2026-06-26T19:12:08.802Z,90,extreme,68,high
2026-06-26T19:17:12.665Z,90,extreme,68,high
2026-06-26T19:22:08.161Z,90,extreme,68,high
2026-06-26T19:27:04.888Z,90,extreme,68,high
2026-06-26T19:32:05.610Z,90,extreme,68,high
2026-06-26T19:37:17.757Z,90,extreme,68,high
2026-06-26T19:42:22.542Z,90,extreme,68,high
2026-06-26T19:47:18.697Z,90,extreme,68,high
2026-06-26T19:52:07.233Z,90,extreme,68,high
2026-06-26T19:57:16.131Z,90,extreme,68,high
2026-06-26T20:02:17.765Z,90,extreme,68,high
2026-06-26T20:07:22.570Z,90,extreme,68,high
2026-06-26T20:12:23.249Z,90,extreme,68,high
2026-06-26T20:17:16.070Z,90,extreme,68,high
2026-06-26T20:22:11.792Z,90,extreme,68,high
2026-06-26T20:27:10.684Z,90,extreme,68,high
2026-06-26T20:32:07.030Z,90,extreme,68,high
2026-06-26T20:37:07.651Z,90,extreme,68,high
2026-06-26T20:42:20.205Z,90,extreme,68,high
2026-06-26T20:47:06.467Z,90,extreme,68,high
2026-06-26T20:52:12.254Z,90,extreme,68,high
2026-06-26T20:57:21.686Z,90,extreme,68,high
2026-06-26T21:02:08.983Z,90,extreme,68,high
2026-06-26T21:07:13.262Z,90,extreme,68,high
2026-06-26T21:12:09.699Z,90,extreme,68,high
2026-06-26T21:17:06.230Z,90,extreme,68,high
2026-06-26T21:22:12.883Z,90,extreme,68,high
2026-06-26T21:27:20.910Z,90,extreme,68,high
2026-06-26T21:32:17.304Z,90,extreme,68,high
2026-06-26T21:37:12.744Z,90,extreme,68,high
2026-06-26T21:42:06.131Z,90,extreme,68,high
2026-06-26T21:47:05.819Z,90,extreme,68,high
2026-06-26T21:52:11.860Z,90,extreme,68,high
2026-06-26T21:57:18.382Z,90,extreme,68,high
2026-06-26T22:02:19.124Z,90,extreme,68,high
2026-06-26T22:07:08.586Z,90,extreme,68,high
2026-06-26T22:12:20.494Z,90,extreme,68,high
2026-06-26T22:17:15.485Z,90,extreme,68,high
2026-06-26T22:22:12.096Z,90,extreme,67,high
2026-06-26T22:27:10.332Z,90,extreme,67,high
2026-06-26T22:32:23.066Z,90,extreme,67,high
2026-06-26T22:37:09.481Z,90,extreme,67,high
2026-06-26T22:42:12.332Z,90,extreme,67,high
2026-06-26T22:47:04.728Z,90,extreme,67,high
2026-06-26T22:52:04.546Z,90,extreme,67,high
2026-06-26T22:57:09.811Z,90,extreme,67,high
2026-06-26T23:02:15.668Z,90,extreme,67,high
2026-06-26T23:07:04.880Z,90,extreme,67,high
2026-06-26T23:12:04.483Z,90,extreme,67,high
2026-06-26T23:17:03.794Z,90,extreme,67,high
2026-06-26T23:22:06.121Z,90,extreme,67,high
2026-06-26T23:27:13.785Z,90,extreme,67,high
2026-06-26T23:32:21.214Z,90,extreme,67,high
2026-06-26T23:37:18.510Z,90,extreme,67,high
2026-06-26T23:42:07.077Z,90,extreme,67,high
2026-06-26T23:47:09.167Z,90,extreme,67,high
2026-06-26T23:52:16.714Z,90,extreme,67,high
2026-06-26T23:57:05.650Z,90,extreme,67,high
2026-06-27T00:02:15.769Z,90,extreme,67,high
2026-06-27T00:07:08.839Z,90,extreme,67,high
2026-06-27T00:12:09.436Z,90,extreme,67,high
2026-06-27T00:17:22.768Z,90,extreme,67,high
2026-06-27T00:22:16.321Z,90,extreme,67,high
2026-06-27T00:27:05.987Z,90,extreme,67,high
2026-06-27T00:32:22.450Z,90,extreme,67,high
2026-06-27T00:37:04.892Z,90,extreme,67,high
2026-06-27T00:42:24.561Z,90,extreme,67,high
2026-06-27T00:47:06.867Z,90,extreme,67,high
2026-06-27T00:52:18.486Z,90,extreme,67,high
2026-06-27T00:57:05.663Z,90,extreme,67,high
2026-06-27T01:02:18.524Z,90,extreme,67,high
2026-06-27T01:07:17.343Z,90,extreme,67,high
2026-06-27T01:12:06.500Z,90,extreme,67,high
2026-06-27T01:17:16.097Z,90,extreme,67,high
2026-06-27T01:22:13.961Z,90,extreme,67,high
2026-06-27T01:27:23.601Z,90,extreme,67,high
2026-06-27T01:32:08.986Z,90,extreme,67,high
2026-06-27T01:37:12.127Z,90,extreme,67,high
2026-06-27T01:42:10.308Z,90,extreme,67,high
2026-06-27T01:47:09.576Z,90,extreme,67,high
2026-06-27T01:52:03.561Z,90,extreme,67,high
2026-06-27T01:57:14.687Z,90,extreme,67,high
2026-06-27T02:02:07.648Z,90,extreme,67,high
2026-06-27T02:07:04.770Z,90,extreme,67,high
2026-06-27T02:12:05.165Z,90,extreme,67,high
2026-06-27T02:17:12.849Z,90,extreme,67,high
2026-06-27T02:22:19.541Z,90,extreme,67,high
2026-06-27T02:27:17.709Z,90,extreme,67,high
2026-06-27T02:32:07.800Z,90,extreme,67,high
2026-06-27T02:37:13.341Z,90,extreme,67,high
2026-06-27T02:42:05.607Z,90,extreme,67,high
2026-06-27T02:47:03.760Z,90,extreme,67,high
2026-06-27T02:52:11.047Z,90,extreme,66,high
2026-06-27T02:57:16.380Z,90,extreme,66,high
2026-06-27T03:02:17.570Z,90,extreme,66,high
2026-06-27T03:07:21.057Z,90,extreme,66,high
2026-06-27T03:12:17.559Z,90,extreme,66,high
2026-06-27T03:17:11.595Z,90,extreme,66,high
2026-06-27T03:22:07.886Z,90,extreme,66,high
2026-06-27T03:27:11.513Z,90,extreme,66,high
2026-06-27T03:32:20.083Z,90,extreme,66,high
2026-06-27T03:37:08.065Z,90,extreme,66,high
2026-06-27T03:42:11.664Z,90,extreme,66,high
2026-06-27T03:47:07.504Z,90,extreme,66,high
2026-06-27T03:52:13.054Z,90,extreme,66,high
2026-06-27T03:57:17.210Z,90,extreme,66,high
2026-06-27T04:02:16.943Z,90,extreme,66,high
2026-06-27T04:07:08.088Z,90,extreme,66,high
2026-06-27T04:12:20.908Z,90,extreme,66,high
2026-06-27T04:17:08.060Z,90,extreme,66,high
2026-06-27T04:22:13.039Z,90,extreme,66,high
2026-06-27T04:27:16.058Z,90,extreme,66,high
2026-06-27T04:32:08.223Z,90,extreme,66,high
2026-06-27T04:37:10.582Z,90,extreme,66,high
2026-06-27T04:42:11.075Z,90,extreme,66,high
2026-06-27T04:47:11.399Z,90,extreme,66,high
2026-06-27T04:52:09.125Z,90,extreme,66,high
2026-06-27T04:57:15.949Z,90,extreme,66,high
2026-06-27T05:02:10.222Z,90,extreme,66,high
2026-06-27T05:07:17.082Z,90,extreme,66,high
2026-06-27T05:12:18.639Z,90,extreme,66,high
2026-06-27T05:17:20.254Z,90,extreme,66,high
2026-06-27T05:22:19.490Z,90,extreme,66,high
2026-06-27T05:27:13.375Z,90,extreme,66,high
2026-06-27T05:32:11.940Z,90,extreme,66,high
2026-06-27T05:37:10.745Z,90,extreme,66,high
2026-06-27T05:42:16.657Z,90,extreme,66,high
2026-06-27T05:47:12.499Z,90,extreme,66,high
2026-06-27T05:52:05.889Z,90,extreme,66,high
2026-06-27T05:57:08.944Z,90,extreme,66,high
2026-06-27T06:02:09.392Z,90,extreme,66,high
2026-06-27T06:07:17.321Z,90,extreme,66,high
2026-06-27T06:12:09.522Z,90,extreme,66,high
2026-06-27T06:17:14.409Z,90,extreme,66,high
2026-06-27T06:22:15.026Z,90,extreme,66,high
2026-06-27T06:27:08.596Z,90,extreme,66,high
2026-06-27T06:32:20.264Z,90,extreme,66,high
2026-06-27T06:37:10.356Z,90,extreme,66,high
2026-06-27T06:42:17.253Z,90,extreme,66,high
2026-06-27T06:47:08.605Z,90,extreme,66,high
2026-06-27T06:52:08.285Z,90,extreme,66,high
2026-06-27T06:57:09.404Z,90,extreme,66,high
2026-06-27T07:02:15.514Z,90,extreme,66,high
2026-06-27T07:07:06.842Z,90,extreme,66,high
2026-06-27T07:12:13.690Z,90,extreme,66,high
2026-06-27T07:17:16.545Z,90,extreme,66,high
2026-06-27T07:22:18.243Z,90,extreme,66,high
2026-06-27T07:27:06.840Z,90,extreme,66,high
2026-06-27T07:32:18.779Z,90,extreme,65,high
2026-06-27T07:37:08.303Z,90,extreme,65,high
2026-06-27T07:42:19.746Z,90,extreme,65,high
2026-06-27T07:47:17.625Z,90,extreme,65,high
2026-06-27T07:52:06.080Z,90,extreme,65,high
2026-06-27T07:57:17.956Z,90,extreme,65,high
2026-06-27T08:02:08.940Z,90,extreme,65,high
2026-06-27T08:07:17.140Z,90,extreme,65,high
2026-06-27T08:12:13.808Z,90,extreme,65,high
2026-06-27T08:17:05.948Z,90,extreme,65,high
2026-06-27T08:22:11.033Z,90,extreme,65,high
2026-06-27T08:27:12.547Z,90,extreme,65,high
2026-06-27T08:32:05.719Z,90,extreme,65,high
2026-06-27T08:37:06.525Z,90,extreme,65,high
2026-06-27T08:42:04.489Z,90,extreme,65,high
2026-06-27T08:47:11.708Z,90,extreme,65,high
2026-06-27T08:52:17.911Z,90,extreme,65,high
2026-06-27T08:57:11.703Z,90,extreme,65,high
2026-06-27T09:02:04.378Z,90,extreme,65,high
2026-06-27T09:07:08.832Z,90,extreme,65,high
2026-06-27T09:12:04.853Z,90,extreme,65,high
2026-06-27T09:17:13.417Z,90,extreme,65,high
2026-06-27T09:22:06.486Z,90,extreme,65,high
2026-06-27T09:27:05.224Z,90,extreme,65,high
2026-06-27T09:32:03.633Z,90,extreme,65,high
2026-06-27T09:37:15.898Z,90,extreme,65,high
2026-06-27T09:42:04.800Z,90,extreme,65,high
2026-06-27T09:47:04.024Z,90,extreme,65,high
2026-06-27T09:52:04.560Z,90,extreme,65,high
2026-06-27T09:57:13.200Z,90,extreme,65,high
2026-06-27T10:02:05.464Z,90,extreme,65,high
2026-06-27T10:07:17.029Z,90,extreme,65,high
2026-06-27T10:12:06.003Z,90,extreme,65,high
2026-06-27T10:17:16.768Z,90,extreme,65,high
2026-06-27T10:22:07.335Z,90,extreme,65,high
2026-06-27T10:27:04.546Z,90,extreme,65,high
2026-06-27T10:32:13.128Z,90,extreme,65,high
2026-06-27T10:37:15.923Z,90,extreme,65,high
2026-06-27T10:42:07.948Z,90,extreme,65,high
2026-06-27T10:47:04.426Z,90,extreme,65,high
2026-06-27T10:52:12.326Z,90,extreme,65,high
2026-06-27T10:57:15.966Z,90,extreme,65,high
2026-06-27T11:02:08.282Z,90,extreme,65,high
2026-06-27T11:07:04.430Z,90,extreme,65,high
2026-06-27T11:12:14.114Z,90,extreme,65,high
2026-06-27T11:17:10.388Z,90,extreme,65,high
2026-06-27T11:22:13.205Z,90,extreme,65,high
2026-06-27T11:27:10.582Z,90,extreme,65,high
2026-06-27T11:32:04.752Z,90,extreme,65,high
2026-06-27T11:37:16.248Z,90,extreme,66,high
2026-06-27T11:42:15.635Z,90,extreme,66,high
2026-06-27T11:47:09.589Z,90,extreme,66,high
2026-06-27T11:52:05.102Z,90,extreme,66,high
2026-06-27T11:57:03.759Z,90,extreme,66,high
2026-06-27T12:02:03.970Z,90,extreme,66,high
2026-06-27T12:07:06.411Z,90,extreme,66,high
2026-06-27T12:12:04.758Z,90,extreme,66,high
2026-06-27T12:17:08.467Z,90,extreme,66,high
2026-06-27T12:22:08.753Z,90,extreme,66,high
2026-06-27T12:27:05.120Z,90,extreme,66,high
2026-06-27T12:32:10.938Z,90,extreme,66,high
2026-06-27T12:37:06.405Z,90,extreme,66,high
2026-06-27T12:42:15.993Z,90,extreme,65,high
2026-06-27T12:47:11.738Z,90,extreme,65,high
2026-06-27T12:52:05.205Z,90,extreme,65,high
2026-06-27T12:57:04.489Z,90,extreme,65,high
2026-06-27T13:02:05.327Z,90,extreme,65,high
2026-06-27T13:07:05.482Z,90,extreme,65,high
2026-06-27T13:12:16.964Z,90,extreme,65,high
2026-06-27T13:17:07.276Z,90,extreme,65,high
2026-06-27T13:22:04.289Z,90,extreme,65,high
2026-06-27T13:27:10.049Z,90,extreme,65,high
2026-06-27T13:32:15.366Z,90,extreme,65,high
2026-06-27T13:37:06.792Z,90,extreme,65,high
2026-06-27T13:42:04.711Z,90,extreme,65,high
2026-06-27T13:47:06.865Z,90,extreme,65,high
2026-06-27T13:52:14.098Z,90,extreme,65,high
2026-06-27T13:57:13.336Z,90,extreme,65,high
2026-06-27T14:02:07.751Z,90,extreme,65,high
2026-06-27T14:07:04.549Z,90,extreme,66,high
2026-06-27T14:12:07.870Z,90,extreme,66,high
2026-06-27T14:17:04.008Z,90,extreme,66,high
2026-06-27T14:22:10.298Z,90,extreme,66,high
2026-06-27T14:27:15.332Z,90,extreme,66,high
2026-06-27T14:32:07.515Z,90,extreme,66,high
2026-06-27T14:37:05.863Z,90,extreme,66,high
2026-06-27T14:42:15.269Z,90,extreme,66,high
2026-06-27T14:47:09.113Z,90,extreme,66,high
2026-06-27T14:52:09.131Z,90,extreme,66,high
2026-06-27T14:57:03.038Z,90,extreme,66,high
2026-06-27T15:02:06.331Z,90,extreme,66,high
2026-06-27T15:07:04.537Z,90,extreme,66,high
2026-06-27T15:12:13.026Z,90,extreme,66,high
2026-06-27T15:17:09.840Z,90,extreme,66,high
2026-06-27T15:22:05.531Z,90,extreme,66,high
2026-06-27T15:27:04.278Z,90,extreme,66,high
2026-06-27T15:32:10.246Z,90,extreme,66,high
2026-06-27T15:37:11.763Z,90,extreme,66,high
2026-06-27T15:42:08.922Z,90,extreme,66,high
2026-06-27T15:47:03.742Z,90,extreme,66,high
2026-06-27T15:52:11.532Z,90,extreme,66,high
2026-06-27T15:57:09.466Z,90,extreme,66,high
2026-06-27T16:02:11.870Z,90,extreme,66,high
2026-06-27T16:07:05.881Z,90,extreme,66,high
2026-06-27T16:12:17.934Z,90,extreme,66,high
2026-06-27T16:17:08.387Z,90,extreme,66,high
2026-06-27T16:22:16.498Z,90,extreme,66,high
2026-06-27T16:27:09.940Z,90,extreme,66,high
2026-06-27T16:32:12.536Z,90,extreme,66,high
2026-06-27T16:37:07.594Z,90,extreme,66,high
2026-06-27T16:42:14.356Z,90,extreme,66,high
2026-06-27T16:47:11.274Z,90,extreme,66,high
2026-06-27T16:52:16.580Z,90,extreme,66,high
2026-06-27T16:57:04.045Z,90,extreme,66,high
2026-06-27T17:02:07.980Z,90,extreme,65,high
2026-06-27T17:07:19.354Z,90,extreme,65,high
2026-06-27T17:12:17.315Z,90,extreme,65,high
2026-06-27T17:17:15.796Z,90,extreme,65,high
2026-06-27T17:22:05.379Z,90,extreme,65,high
2026-06-27T17:27:19.730Z,90,extreme,65,high
2026-06-27T17:32:07.223Z,90,extreme,65,high
2026-06-27T17:37:18.485Z,90,extreme,65,high
2026-06-27T17:42:04.043Z,90,extreme,65,high
2026-06-27T17:47:04.696Z,90,extreme,65,high
2026-06-27T17:52:14.883Z,90,extreme,65,high
2026-06-27T17:57:04.222Z,90,extreme,65,high
2026-06-27T18:02:10.334Z,90,extreme,65,high
2026-06-27T18:07:14.274Z,90,extreme,65,high
2026-06-27T18:12:16.215Z,90,extreme,65,high
2026-06-27T18:17:16.586Z,90,extreme,65,high
2026-06-27T18:22:14.647Z,90,extreme,65,high
2026-06-27T18:27:08.275Z,90,extreme,65,high
2026-06-27T18:32:05.327Z,90,extreme,65,high
2026-06-27T18:37:05.271Z,90,extreme,65,high
2026-06-27T18:42:14.757Z,90,extreme,65,high
2026-06-27T18:47:11.332Z,90,extreme,65,high
2026-06-27T18:52:11.228Z,90,extreme,65,high
2026-06-27T18:57:05.613Z,90,extreme,65,high
2026-06-27T19:02:11.216Z,90,extreme,65,high
2026-06-27T19:07:04.890Z,90,extreme,65,high
2026-06-27T19:12:16.382Z,90,extreme,65,high
2026-06-27T19:17:14.392Z,90,extreme,65,high
2026-06-27T19:22:07.195Z,90,extreme,65,high
2026-06-27T19:27:05.050Z,90,extreme,65,high
2026-06-27T19:32:05.713Z,90,extreme,65,high
2026-06-27T19:37:07.450Z,90,extreme,65,high
2026-06-27T19:42:16.681Z,90,extreme,65,high
2026-06-27T19:47:19.446Z,90,extreme,65,high
2026-06-27T19:52:17.913Z,90,extreme,65,high
2026-06-27T19:57:10.286Z,90,extreme,65,high
2026-06-27T20:02:04.503Z,90,extreme,65,high
2026-06-27T20:07:18.628Z,90,extreme,65,high
2026-06-27T20:12:10.571Z,90,extreme,65,high
2026-06-27T20:17:11.302Z,90,extreme,65,high
2026-06-27T20:22:05.664Z,90,extreme,65,high
2026-06-27T20:27:08.721Z,90,extreme,65,high
2026-06-27T20:32:11.736Z,90,extreme,65,high
2026-06-27T20:37:15.217Z,90,extreme,65,high
2026-06-27T20:42:16.956Z,90,extreme,65,high
2026-06-27T20:47:08.995Z,90,extreme,65,high
2026-06-27T20:52:14.308Z,90,extreme,65,high
2026-06-27T20:57:11.436Z,90,extreme,65,high
2026-06-27T21:02:05.923Z,90,extreme,65,high
2026-06-27T21:07:05.113Z,90,extreme,65,high
2026-06-27T21:12:04.565Z,90,extreme,65,high
2026-06-27T21:17:20.373Z,90,extreme,65,high
2026-06-27T21:22:08.015Z,90,extreme,65,high
2026-06-27T21:27:10.989Z,90,extreme,65,high
2026-06-27T21:32:06.681Z,90,extreme,65,high
2026-06-27T21:37:07.764Z,90,extreme,65,high
2026-06-27T21:42:10.504Z,90,extreme,65,high
2026-06-27T21:47:16.106Z,90,extreme,65,high
2026-06-27T21:52:15.230Z,90,extreme,65,high
2026-06-27T21:57:12.661Z,90,extreme,65,high
2026-06-27T22:02:06.726Z,90,extreme,65,high
2026-06-27T22:07:07.926Z,90,extreme,65,high
2026-06-27T22:12:16.531Z,90,extreme,65,high
2026-06-27T22:17:04.098Z,90,extreme,65,high
2026-06-27T22:22:05.190Z,90,extreme,65,high
2026-06-27T22:27:19.257Z,90,extreme,65,high
2026-06-27T22:32:18.813Z,90,extreme,65,high
2026-06-27T22:37:05.952Z,90,extreme,65,high
2026-06-27T22:42:08.449Z,90,extreme,65,high
2026-06-27T22:47:12.709Z,90,extreme,65,high
2026-06-27T22:52:05.647Z,90,extreme,65,high
2026-06-27T22:57:06.985Z,90,extreme,65,high
2026-06-27T23:02:03.591Z,90,extreme,65,high
2026-06-27T23:07:08.847Z,90,extreme,65,high
2026-06-27T23:12:10.261Z,90,extreme,65,high
2026-06-27T23:17:04.646Z,90,extreme,65,high
2026-06-27T23:22:18.259Z,90,extreme,65,high
2026-06-27T23:27:10.118Z,90,extreme,65,high
2026-06-27T23:32:16.280Z,90,extreme,65,high
2026-06-27T23:37:06.850Z,90,extreme,65,high
2026-06-27T23:42:16.123Z,90,extreme,65,high
2026-06-27T23:47:04.950Z,90,extreme,65,high
2026-06-27T23:52:08.377Z,90,extreme,66,high
2026-06-27T23:57:16.116Z,90,extreme,66,high
2026-06-28T00:02:13.639Z,90,extreme,66,high
2026-06-28T00:07:16.727Z,90,extreme,66,high
2026-06-28T00:12:16.754Z,90,extreme,66,high
2026-06-28T00:17:04.861Z,90,extreme,66,high
2026-06-28T00:22:10.993Z,90,extreme,66,high
2026-06-28T00:27:18.413Z,90,extreme,66,high
2026-06-28T00:32:06.815Z,90,extreme,66,high
2026-06-28T00:37:14.963Z,90,extreme,69,high
2026-06-28T00:42:12.875Z,90,extreme,69,high
2026-06-28T00:47:18.678Z,90,extreme,69,high
2026-06-28T00:52:08.781Z,90,extreme,69,high
2026-06-28T00:57:15.000Z,90,extreme,69,high
2026-06-28T01:02:20.135Z,90,extreme,69,high
2026-06-28T01:07:05.403Z,90,extreme,69,high
2026-06-28T01:12:06.200Z,90,extreme,69,high
2026-06-28T01:17:08.775Z,90,extreme,69,high
2026-06-28T01:22:04.703Z,90,extreme,68,high
2026-06-28T01:27:13.311Z,90,extreme,68,high
2026-06-28T01:32:07.665Z,90,extreme,68,high
2026-06-28T01:37:09.202Z,90,extreme,68,high
2026-06-28T01:42:16.976Z,90,extreme,68,high
2026-06-28T01:47:16.306Z,90,extreme,68,high
2026-06-28T01:52:11.232Z,90,extreme,68,high
2026-06-28T01:57:18.215Z,90,extreme,68,high
2026-06-28T02:02:17.878Z,90,extreme,68,high
2026-06-28T02:07:06.191Z,90,extreme,68,high
2026-06-28T02:12:10.019Z,90,extreme,68,high
2026-06-28T02:17:17.460Z,90,extreme,68,high
2026-06-28T02:22:11.885Z,90,extreme,68,high
2026-06-28T02:27:04.598Z,90,extreme,68,high
2026-06-28T02:32:15.554Z,90,extreme,68,high
2026-06-28T02:37:06.914Z,90,extreme,68,high
2026-06-28T02:42:08.841Z,90,extreme,68,high
2026-06-28T02:47:08.264Z,90,extreme,68,high
2026-06-28T02:52:17.516Z,90,extreme,68,high
2026-06-28T02:57:18.163Z,90,extreme,68,high
2026-06-28T03:02:06.259Z,90,extreme,68,high
2026-06-28T03:07:20.196Z,90,extreme,68,high
2026-06-28T03:12:11.622Z,90,extreme,68,high
2026-06-28T03:17:03.911Z,90,extreme,68,high
2026-06-28T03:22:08.546Z,90,extreme,68,high
2026-06-28T03:27:15.085Z,90,extreme,68,high
2026-06-28T03:32:17.057Z,90,extreme,68,high
2026-06-28T03:37:08.712Z,90,extreme,68,high
2026-06-28T03:42:18.701Z,90,extreme,68,high
2026-06-28T03:47:05.042Z,90,extreme,68,high
2026-06-28T03:52:19.411Z,90,extreme,68,high
2026-06-28T03:57:21.468Z,90,extreme,68,high
2026-06-28T04:02:18.611Z,90,extreme,68,high
2026-06-28T04:07:17.229Z,90,extreme,68,high
2026-06-28T04:12:18.853Z,90,extreme,68,high
2026-06-28T04:17:03.633Z,90,extreme,68,high
2026-06-28T04:22:18.216Z,90,extreme,68,high
2026-06-28T04:27:12.116Z,90,extreme,68,high
2026-06-28T04:32:11.764Z,90,extreme,68,high
2026-06-28T04:37:06.137Z,90,extreme,68,high
2026-06-28T04:42:03.707Z,90,extreme,68,high
2026-06-28T04:47:06.439Z,90,extreme,68,high
2026-06-28T04:52:22.564Z,90,extreme,68,high
2026-06-28T04:57:14.812Z,90,extreme,68,high
2026-06-28T05:02:22.612Z,90,extreme,68,high
2026-06-28T05:07:16.684Z,90,extreme,68,high
2026-06-28T05:12:04.175Z,90,extreme,68,high
2026-06-28T05:17:23.526Z,90,extreme,68,high
2026-06-28T05:22:08.916Z,90,extreme,68,high
2026-06-28T05:27:15.222Z,90,extreme,68,high
2026-06-28T05:32:09.395Z,90,extreme,68,high
2026-06-28T05:37:08.287Z,90,extreme,68,high
2026-06-28T05:42:06.359Z,90,extreme,68,high
2026-06-28T05:47:18.843Z,90,extreme,68,high
2026-06-28T05:52:05.836Z,90,extreme,68,high
2026-06-28T05:57:06.572Z,90,extreme,68,high
2026-06-28T06:02:17.313Z,90,extreme,68,high
2026-06-28T06:07:20.556Z,90,extreme,68,high
2026-06-28T06:12:21.209Z,90,extreme,68,high
2026-06-28T06:17:18.500Z,90,extreme,68,high
2026-06-28T06:22:07.735Z,90,extreme,68,high
2026-06-28T06:27:05.797Z,90,extreme,68,high
2026-06-28T06:32:05.257Z,90,extreme,68,high
2026-06-28T06:37:19.321Z,90,extreme,68,high
2026-06-28T06:42:10.472Z,90,extreme,68,high
2026-06-28T06:47:12.460Z,90,extreme,68,high
2026-06-28T06:52:09.697Z,90,extreme,68,high
2026-06-28T06:57:12.109Z,90,extreme,68,high
2026-06-28T07:02:22.090Z,90,extreme,68,high
2026-06-28T07:07:21.301Z,90,extreme,68,high
2026-06-28T07:12:04.944Z,90,extreme,68,high
2026-06-28T07:17:20.126Z,90,extreme,68,high
2026-06-28T07:22:16.445Z,90,extreme,68,high
2026-06-28T07:27:11.093Z,90,extreme,68,high
2026-06-28T07:32:09.644Z,90,extreme,68,high
2026-06-28T07:37:04.946Z,90,extreme,68,high
2026-06-28T07:42:05.718Z,90,extreme,68,high
2026-06-28T07:47:16.768Z,90,extreme,68,high
2026-06-28T07:52:06.238Z,90,extreme,68,high
2026-06-28T07:57:07.648Z,90,extreme,68,high
2026-06-28T08:02:04.753Z,90,extreme,68,high
2026-06-28T08:07:15.418Z,90,extreme,70,high
2026-06-28T08:12:07.652Z,90,extreme,70,high
2026-06-28T08:17:17.504Z,90,extreme,70,high
2026-06-28T08:22:07.304Z,90,extreme,70,high
2026-06-28T08:27:10.012Z,90,extreme,70,high
2026-06-28T08:32:12.956Z,90,extreme,70,high
2026-06-28T08:37:09.020Z,90,extreme,70,high
2026-06-28T08:42:10.355Z,90,extreme,70,high
2026-06-28T08:47:10.387Z,90,extreme,70,high
2026-06-28T08:52:11.543Z,90,extreme,70,high
2026-06-28T08:57:07.635Z,90,extreme,70,high
2026-06-28T09:02:20.611Z,90,extreme,70,high
2026-06-28T09:07:08.599Z,90,extreme,70,high
2026-06-28T09:12:15.592Z,90,extreme,70,high
2026-06-28T09:17:05.889Z,90,extreme,70,high
2026-06-28T09:22:14.287Z,90,extreme,70,high
2026-06-28T09:27:12.097Z,90,extreme,70,high
2026-06-28T09:32:11.130Z,90,extreme,70,high
2026-06-28T09:37:07.240Z,90,extreme,70,high
2026-06-28T09:42:10.713Z,90,extreme,70,high
2026-06-28T09:47:09.138Z,90,extreme,70,high
2026-06-28T09:52:05.450Z,90,extreme,70,high
2026-06-28T09:57:03.768Z,90,extreme,70,high
2026-06-28T10:02:07.075Z,90,extreme,70,high
2026-06-28T10:07:10.161Z,90,extreme,70,high
2026-06-28T10:12:07.849Z,90,extreme,70,high
2026-06-28T10:17:08.923Z,90,extreme,70,high
2026-06-28T10:22:04.680Z,90,extreme,70,high
2026-06-28T10:27:03.737Z,90,extreme,70,high
2026-06-28T10:32:05.591Z,90,extreme,70,high
2026-06-28T10:37:05.724Z,90,extreme,70,high
2026-06-28T10:42:04.780Z,90,extreme,70,high
2026-06-28T10:47:10.048Z,90,extreme,70,high
2026-06-28T10:52:06.778Z,90,extreme,70,high
2026-06-28T10:57:13.986Z,90,extreme,70,high
2026-06-28T11:02:14.592Z,90,extreme,70,high
2026-06-28T11:07:19.902Z,90,extreme,70,high
2026-06-28T11:12:07.520Z,90,extreme,70,high
2026-06-28T11:17:14.868Z,90,extreme,70,high
2026-06-28T11:22:11.143Z,90,extreme,70,high
2026-06-28T11:27:05.129Z,90,extreme,70,high
2026-06-28T11:32:13.320Z,90,extreme,70,high
2026-06-28T11:37:08.653Z,90,extreme,70,high
2026-06-28T11:42:12.705Z,90,extreme,70,high
2026-06-28T11:47:03.792Z,90,extreme,70,high
2026-06-28T11:52:07.130Z,90,extreme,70,high
2026-06-28T11:57:10.299Z,90,extreme,70,high
2026-06-28T12:02:11.950Z,90,extreme,70,high
2026-06-28T12:07:14.366Z,90,extreme,70,high
2026-06-28T12:12:16.223Z,90,extreme,70,high
2026-06-28T12:17:10.441Z,90,extreme,70,high
2026-06-28T12:22:10.833Z,90,extreme,70,high
2026-06-28T12:27:11.840Z,90,extreme,70,high
2026-06-28T12:32:04.716Z,90,extreme,70,high
2026-06-28T12:37:11.047Z,90,extreme,69,high
2026-06-28T12:42:06.045Z,90,extreme,69,high
2026-06-28T12:47:11.111Z,90,extreme,69,high
2026-06-28T12:52:10.876Z,90,extreme,69,high
2026-06-28T12:57:09.917Z,90,extreme,69,high
2026-06-28T13:02:11.073Z,90,extreme,69,high
2026-06-28T13:07:10.906Z,90,extreme,69,high
2026-06-28T13:12:13.199Z,90,extreme,69,high
2026-06-28T13:17:06.176Z,90,extreme,69,high
2026-06-28T13:22:10.508Z,90,extreme,69,high
2026-06-28T13:27:04.534Z,90,extreme,69,high
2026-06-28T13:32:07.652Z,90,extreme,69,high
2026-06-28T13:37:11.183Z,90,extreme,69,high
2026-06-28T13:42:07.934Z,90,extreme,69,high
2026-06-28T13:47:09.733Z,90,extreme,69,high
2026-06-28T13:52:09.219Z,90,extreme,69,high
2026-06-28T13:57:08.662Z,90,extreme,69,high
2026-06-28T14:02:14.998Z,90,extreme,69,high
2026-06-28T14:07:11.632Z,90,extreme,69,high
2026-06-28T14:12:07.419Z,90,extreme,69,high
2026-06-28T14:17:04.335Z,90,extreme,69,high
2026-06-28T14:22:06.047Z,90,extreme,69,high
2026-06-28T14:27:13.253Z,90,extreme,69,high
2026-06-28T14:32:12.812Z,90,extreme,69,high
2026-06-28T14:37:05.319Z,90,extreme,69,high
2026-06-28T14:42:05.869Z,90,extreme,69,high
2026-06-28T14:47:08.827Z,90,extreme,69,high
2026-06-28T14:52:07.676Z,90,extreme,69,high
2026-06-28T14:57:06.604Z,90,extreme,69,high
2026-06-28T15:02:19.506Z,90,extreme,69,high
2026-06-28T15:07:09.937Z,90,extreme,69,high
2026-06-28T15:12:10.805Z,90,extreme,69,high
2026-06-28T15:17:08.894Z,90,extreme,69,high
2026-06-28T15:22:14.033Z,90,extreme,69,high
2026-06-28T15:27:06.567Z,90,extreme,69,high
2026-06-28T15:32:18.052Z,90,extreme,69,high
2026-06-28T15:37:10.279Z,90,extreme,69,high
2026-06-28T15:42:07.393Z,90,extreme,69,high
2026-06-28T15:47:05.786Z,90,extreme,69,high
2026-06-28T15:52:04.744Z,90,extreme,69,high
2026-06-28T15:57:03.750Z,90,extreme,69,high
2026-06-28T16:02:08.294Z,90,extreme,69,high
2026-06-28T16:07:09.642Z,90,extreme,69,high
2026-06-28T16:12:14.648Z,90,extreme,69,high
2026-06-28T16:17:07.568Z,90,extreme,69,high
2026-06-28T16:22:05.971Z,90,extreme,69,high
2026-06-28T16:27:09.895Z,90,extreme,69,high
2026-06-28T16:32:13.298Z,90,extreme,69,high
2026-06-28T16:37:12.235Z,90,extreme,69,high
2026-06-28T16:42:09.888Z,90,extreme,69,high
2026-06-28T16:47:13.283Z,90,extreme,69,high
2026-06-28T16:52:09.215Z,90,extreme,69,high
2026-06-28T16:57:04.834Z,90,extreme,69,high
2026-06-28T17:02:17.687Z,90,extreme,69,high
2026-06-28T17:07:18.588Z,90,extreme,69,high
2026-06-28T17:12:05.252Z,90,extreme,69,high
2026-06-28T17:17:18.337Z,90,extreme,69,high
2026-06-28T17:22:04.481Z,90,extreme,69,high
2026-06-28T17:27:11.584Z,90,extreme,69,high
2026-06-28T17:32:04.488Z,90,extreme,69,high
2026-06-28T17:37:08.328Z,90,extreme,69,high
2026-06-28T17:42:10.082Z,90,extreme,69,high
2026-06-28T17:47:13.425Z,90,extreme,69,high
2026-06-28T17:52:12.301Z,90,extreme,69,high
2026-06-28T17:57:12.770Z,90,extreme,69,high
2026-06-28T18:02:08.156Z,90,extreme,69,high
2026-06-28T18:07:09.199Z,90,extreme,69,high
2026-06-28T18:12:08.668Z,90,extreme,69,high
2026-06-28T18:17:10.319Z,90,extreme,69,high
2026-06-28T18:22:08.528Z,90,extreme,69,high
2026-06-28T18:27:10.370Z,90,extreme,69,high
2026-06-28T18:32:09.595Z,90,extreme,69,high
2026-06-28T18:37:06.508Z,90,extreme,69,high
2026-06-28T18:42:09.826Z,90,extreme,69,high
2026-06-28T18:47:09.869Z,90,extreme,69,high
2026-06-28T18:52:07.781Z,90,extreme,69,high
2026-06-28T18:57:13.598Z,90,extreme,69,high
2026-06-28T19:02:04.524Z,90,extreme,69,high
2026-06-28T19:07:16.723Z,90,extreme,69,high
2026-06-28T19:12:13.107Z,90,extreme,69,high
2026-06-28T19:17:06.187Z,90,extreme,69,high
2026-06-28T19:22:06.764Z,90,extreme,69,high
2026-06-28T19:27:06.355Z,90,extreme,69,high
2026-06-28T19:32:06.919Z,90,extreme,69,high
2026-06-28T19:37:14.208Z,90,extreme,69,high
2026-06-28T19:42:06.313Z,90,extreme,69,high
2026-06-28T19:47:09.940Z,90,extreme,69,high
2026-06-28T19:52:15.919Z,90,extreme,69,high
2026-06-28T19:57:09.301Z,90,extreme,69,high
2026-06-28T20:02:15.222Z,90,extreme,68,high
2026-06-28T20:07:09.974Z,90,extreme,68,high
2026-06-28T20:12:05.833Z,90,extreme,68,high
2026-06-28T20:17:16.449Z,90,extreme,68,high
2026-06-28T20:22:05.644Z,90,extreme,68,high
2026-06-28T20:27:07.400Z,90,extreme,68,high
2026-06-28T20:32:09.052Z,90,extreme,68,high
2026-06-28T20:37:10.507Z,90,extreme,68,high
2026-06-28T20:42:10.286Z,90,extreme,68,high
2026-06-28T20:47:09.382Z,90,extreme,68,high
2026-06-28T20:52:08.578Z,90,extreme,68,high
2026-06-28T20:57:10.421Z,90,extreme,68,high
2026-06-28T21:02:09.746Z,90,extreme,68,high
2026-06-28T21:07:04.499Z,90,extreme,68,high
2026-06-28T21:12:09.827Z,90,extreme,68,high
2026-06-28T21:17:11.250Z,90,extreme,68,high
2026-06-28T21:22:07.163Z,90,extreme,68,high
2026-06-28T21:27:17.078Z,90,extreme,68,high
2026-06-28T21:32:03.888Z,90,extreme,68,high
2026-06-28T21:37:14.348Z,90,extreme,68,high
2026-06-28T21:42:13.349Z,90,extreme,68,high
2026-06-28T21:47:06.186Z,90,extreme,68,high
2026-06-28T21:52:19.014Z,90,extreme,68,high
2026-06-28T21:57:15.319Z,90,extreme,68,high
2026-06-28T22:02:14.007Z,90,extreme,68,high
2026-06-28T22:07:08.692Z,90,extreme,68,high
2026-06-28T22:12:08.386Z,90,extreme,68,high
2026-06-28T22:17:08.287Z,90,extreme,68,high
2026-06-28T22:22:11.937Z,90,extreme,68,high
2026-06-28T22:27:03.868Z,90,extreme,68,high
2026-06-28T22:32:14.150Z,90,extreme,68,high
2026-06-28T22:37:08.442Z,90,extreme,68,high
2026-06-28T22:42:06.161Z,90,extreme,68,high
2026-06-28T22:47:10.070Z,90,extreme,68,high
2026-06-28T22:52:15.554Z,90,extreme,68,high
2026-06-28T22:57:09.803Z,90,extreme,68,high
2026-06-28T23:02:06.079Z,90,extreme,68,high
2026-06-28T23:07:12.244Z,90,extreme,68,high
2026-06-28T23:12:09.800Z,90,extreme,68,high
2026-06-28T23:17:08.631Z,90,extreme,68,high
2026-06-28T23:22:04.404Z,90,extreme,68,high
2026-06-28T23:27:12.641Z,90,extreme,68,high
2026-06-28T23:32:11.356Z,90,extreme,68,high
2026-06-28T23:37:14.113Z,90,extreme,68,high
2026-06-28T23:42:07.679Z,90,extreme,68,high
2026-06-28T23:47:05.178Z,90,extreme,68,high
2026-06-28T23:52:04.445Z,90,extreme,68,high
2026-06-28T23:57:04.056Z,90,extreme,68,high
2026-06-29T00:02:10.589Z,90,extreme,68,high
2026-06-29T00:07:04.225Z,90,extreme,68,high
2026-06-29T00:12:04.354Z,90,extreme,68,high
2026-06-29T00:17:16.714Z,90,extreme,68,high
2026-06-29T00:22:14.265Z,90,extreme,68,high
2026-06-29T00:27:13.429Z,90,extreme,68,high
2026-06-29T00:32:15.234Z,90,extreme,68,high
2026-06-29T00:37:12.561Z,90,extreme,68,high
2026-06-29T00:42:07.043Z,90,extreme,68,high
2026-06-29T00:47:13.944Z,90,extreme,68,high
2026-06-29T00:52:06.035Z,90,extreme,68,high
2026-06-29T00:57:04.322Z,90,extreme,68,high
2026-06-29T01:02:08.606Z,90,extreme,68,high
2026-06-29T01:07:17.145Z,90,extreme,68,high
2026-06-29T01:12:09.963Z,90,extreme,68,high
2026-06-29T01:17:09.321Z,90,extreme,68,high
2026-06-29T01:22:06.605Z,90,extreme,68,high
2026-06-29T01:27:04.783Z,90,extreme,68,high
2026-06-29T01:32:18.417Z,90,extreme,68,high
2026-06-29T01:37:08.631Z,90,extreme,68,high
2026-06-29T01:42:06.635Z,90,extreme,68,high
2026-06-29T01:47:12.526Z,90,extreme,68,high
2026-06-29T01:52:09.302Z,90,extreme,68,high
2026-06-29T01:57:04.563Z,90,extreme,68,high
2026-06-29T02:02:10.042Z,90,extreme,68,high
2026-06-29T02:07:11.007Z,90,extreme,68,high
2026-06-29T02:12:04.672Z,90,extreme,68,high
2026-06-29T02:17:15.905Z,90,extreme,68,high
2026-06-29T02:22:16.546Z,90,extreme,68,high
2026-06-29T02:27:12.224Z,90,extreme,68,high
2026-06-29T02:32:14.056Z,90,extreme,68,high
2026-06-29T02:37:15.518Z,90,extreme,68,high
2026-06-29T02:42:11.139Z,90,extreme,68,high
2026-06-29T02:47:08.127Z,90,extreme,68,high
2026-06-29T02:52:15.449Z,90,extreme,68,high
2026-06-29T02:57:08.254Z,90,extreme,68,high
2026-06-29T03:02:17.250Z,90,extreme,68,high
2026-06-29T03:07:13.661Z,90,extreme,68,high
2026-06-29T03:12:17.017Z,90,extreme,68,high
2026-06-29T03:17:06.167Z,90,extreme,68,high
2026-06-29T03:22:15.385Z,90,extreme,68,high
2026-06-29T03:27:09.478Z,90,extreme,68,high
2026-06-29T03:32:13.623Z,90,extreme,68,high
2026-06-29T03:37:09.765Z,90,extreme,68,high
2026-06-29T03:42:07.574Z,90,extreme,68,high
2026-06-29T03:47:06.533Z,90,extreme,68,high
2026-06-29T03:52:04.557Z,90,extreme,68,high
2026-06-29T03:57:07.914Z,90,extreme,68,high
2026-06-29T04:02:20.498Z,90,extreme,68,high
2026-06-29T04:07:04.331Z,90,extreme,68,high
2026-06-29T04:12:20.994Z,90,extreme,68,high
2026-06-29T04:17:09.482Z,90,extreme,67,high
2026-06-29T04:22:06.244Z,90,extreme,67,high
2026-06-29T04:27:10.580Z,90,extreme,67,high
2026-06-29T04:32:08.356Z,90,extreme,67,high
2026-06-29T04:37:15.264Z,90,extreme,67,high
2026-06-29T04:42:05.042Z,90,extreme,67,high
2026-06-29T04:47:11.238Z,90,extreme,67,high
2026-06-29T04:52:15.064Z,90,extreme,67,high
2026-06-29T04:57:10.747Z,90,extreme,67,high
2026-06-29T05:02:09.522Z,90,extreme,67,high
2026-06-29T05:07:05.250Z,90,extreme,67,high
2026-06-29T05:12:09.842Z,90,extreme,67,high
2026-06-29T05:17:07.602Z,90,extreme,67,high
2026-06-29T05:22:15.054Z,90,extreme,67,high
2026-06-29T05:27:18.640Z,90,extreme,67,high
2026-06-29T05:32:15.490Z,90,extreme,67,high
2026-06-29T05:37:04.591Z,90,extreme,67,high
2026-06-29T05:42:06.514Z,90,extreme,67,high
2026-06-29T05:47:13.910Z,90,extreme,67,high
2026-06-29T05:52:18.818Z,90,extreme,67,high
2026-06-29T05:57:10.103Z,90,extreme,67,high
2026-06-29T06:02:14.574Z,90,extreme,67,high
2026-06-29T06:07:11.586Z,90,extreme,67,high
2026-06-29T06:12:05.675Z,90,extreme,67,high
2026-06-29T06:17:04.955Z,90,extreme,67,high
2026-06-29T06:22:08.488Z,90,extreme,67,high
2026-06-29T06:27:11.176Z,90,extreme,67,high
2026-06-29T06:32:16.230Z,90,extreme,67,high
2026-06-29T06:37:09.825Z,90,extreme,67,high
2026-06-29T06:42:09.179Z,90,extreme,67,high
2026-06-29T06:47:06.863Z,90,extreme,67,high
2026-06-29T06:52:11.659Z,90,extreme,67,high
2026-06-29T06:57:14.835Z,90,extreme,67,high
2026-06-29T07:02:05.338Z,90,extreme,67,high
2026-06-29T07:07:08.990Z,90,extreme,67,high
2026-06-29T07:12:05.189Z,90,extreme,67,high
2026-06-29T07:17:15.487Z,90,extreme,67,high
2026-06-29T07:22:10.432Z,90,extreme,67,high
2026-06-29T07:27:06.807Z,90,extreme,67,high
2026-06-29T07:32:11.030Z,90,extreme,67,high
2026-06-29T07:37:14.577Z,90,extreme,69,high
2026-06-29T07:42:14.689Z,90,extreme,69,high
2026-06-29T07:47:14.619Z,90,extreme,69,high
2026-06-29T07:52:11.642Z,90,extreme,69,high
2026-06-29T07:57:11.998Z,90,extreme,69,high
2026-06-29T08:02:04.064Z,90,extreme,69,high
2026-06-29T08:07:09.917Z,90,extreme,69,high
2026-06-29T08:12:05.707Z,90,extreme,69,high
2026-06-29T08:17:09.402Z,90,extreme,69,high
2026-06-29T08:22:11.692Z,90,extreme,69,high
2026-06-29T08:27:09.829Z,90,extreme,69,high
2026-06-29T08:32:18.870Z,90,extreme,69,high
2026-06-29T08:37:20.114Z,90,extreme,69,high
2026-06-29T08:42:04.720Z,90,extreme,69,high
2026-06-29T08:47:17.709Z,90,extreme,69,high
2026-06-29T08:52:04.749Z,90,extreme,69,high
2026-06-29T08:57:08.500Z,90,extreme,69,high
2026-06-29T09:02:16.250Z,90,extreme,69,high
2026-06-29T09:07:21.271Z,90,extreme,69,high
2026-06-29T09:12:06.647Z,90,extreme,69,high
2026-06-29T09:17:20.066Z,90,extreme,69,high
2026-06-29T09:22:13.368Z,90,extreme,69,high
2026-06-29T09:27:16.657Z,90,extreme,69,high
2026-06-29T09:32:05.425Z,90,extreme,69,high
2026-06-29T09:37:06.377Z,90,extreme,69,high
2026-06-29T09:42:12.221Z,90,extreme,69,high
2026-06-29T09:47:11.928Z,90,extreme,69,high
2026-06-29T09:52:04.982Z,90,extreme,69,high
2026-06-29T09:57:11.833Z,90,extreme,69,high
2026-06-29T10:02:18.827Z,90,extreme,69,high
2026-06-29T10:07:10.289Z,90,extreme,69,high
2026-06-29T10:12:14.132Z,90,extreme,68,high
2026-06-29T10:17:17.849Z,90,extreme,68,high
2026-06-29T10:22:15.680Z,90,extreme,68,high
2026-06-29T10:27:04.933Z,90,extreme,68,high
2026-06-29T10:32:13.311Z,90,extreme,68,high
2026-06-29T10:37:08.572Z,90,extreme,68,high
2026-06-29T10:42:07.252Z,90,extreme,68,high
2026-06-29T10:47:11.915Z,90,extreme,68,high
2026-06-29T10:52:10.888Z,90,extreme,68,high
2026-06-29T10:57:18.140Z,90,extreme,68,high
2026-06-29T11:02:20.030Z,90,extreme,68,high
2026-06-29T11:07:08.286Z,90,extreme,68,high
2026-06-29T11:12:13.608Z,90,extreme,68,high
2026-06-29T11:17:12.109Z,90,extreme,68,high
2026-06-29T11:22:12.305Z,90,extreme,68,high
2026-06-29T11:27:08.202Z,90,extreme,68,high
2026-06-29T11:32:16.866Z,90,extreme,68,high
2026-06-29T11:37:10.126Z,90,extreme,68,high
2026-06-29T11:42:05.541Z,90,extreme,68,high
2026-06-29T11:47:04.289Z,90,extreme,68,high
2026-06-29T11:52:09.610Z,90,extreme,68,high
2026-06-29T11:57:16.911Z,90,extreme,68,high
2026-06-29T12:02:05.613Z,90,extreme,68,high
2026-06-29T12:07:15.540Z,90,extreme,69,high
2026-06-29T12:12:04.345Z,90,extreme,69,high
2026-06-29T12:17:08.333Z,90,extreme,69,high
2026-06-29T12:22:08.936Z,90,extreme,69,high
2026-06-29T12:27:05.878Z,90,extreme,69,high
2026-06-29T12:32:05.963Z,90,extreme,69,high
2026-06-29T12:37:13.334Z,90,extreme,69,high
2026-06-29T12:42:16.266Z,90,extreme,69,high
2026-06-29T12:47:15.976Z,90,extreme,69,high
2026-06-29T12:52:09.833Z,90,extreme,69,high
2026-06-29T12:57:04.283Z,90,extreme,69,high
2026-06-29T13:02:23.718Z,90,extreme,69,high
2026-06-29T13:07:04.284Z,90,extreme,69,high
2026-06-29T13:12:17.992Z,90,extreme,69,high
2026-06-29T13:17:09.686Z,90,extreme,69,high
2026-06-29T13:22:16.027Z,90,extreme,69,high
2026-06-29T13:27:17.084Z,90,extreme,69,high
2026-06-29T13:32:11.378Z,90,extreme,69,high
2026-06-29T13:37:12.646Z,90,extreme,69,high
2026-06-29T13:42:10.240Z,90,extreme,69,high
2026-06-29T13:47:19.175Z,90,extreme,69,high
2026-06-29T13:52:07.705Z,90,extreme,69,high
2026-06-29T13:57:12.440Z,90,extreme,69,high
2026-06-29T14:02:12.234Z,90,extreme,69,high
2026-06-29T14:07:09.762Z,90,extreme,69,high
2026-06-29T14:12:07.857Z,90,extreme,69,high
2026-06-29T14:17:15.429Z,90,extreme,69,high
2026-06-29T14:22:19.347Z,90,extreme,71,high
2026-06-29T14:27:04.782Z,90,extreme,71,high
2026-06-29T14:32:16.430Z,90,extreme,71,high
2026-06-29T14:37:19.406Z,90,extreme,71,high
2026-06-29T14:42:04.639Z,90,extreme,71,high
2026-06-29T14:47:06.595Z,90,extreme,71,high
2026-06-29T14:52:17.452Z,90,extreme,71,high
2026-06-29T14:57:07.926Z,90,extreme,71,high
2026-06-29T15:02:19.745Z,90,extreme,71,high
2026-06-29T15:07:05.294Z,90,extreme,71,high
2026-06-29T15:12:09.467Z,90,extreme,71,high
2026-06-29T15:17:19.015Z,90,extreme,71,high
2026-06-29T15:22:06.503Z,90,extreme,71,high
2026-06-29T15:27:18.274Z,90,extreme,71,high
2026-06-29T15:32:18.467Z,90,extreme,71,high
2026-06-29T15:37:05.841Z,90,extreme,71,high
2026-06-29T15:42:06.213Z,90,extreme,71,high
